strategy,signal_day,signal_timestamp,side,liquidity,requested_qty,reference_price,reason,regime,anchor_price,order_price,day,timestamp,qty,fill_price_gross,fill_price_net,fill_price,visible_depth_used,visible_depth_available,slippage_ticks,book_state_at_fill,best_bid_at_fill,best_ask_at_fill,clean_mid_at_fill,fill_source,forced_flat,profile,inventory_after,cash_gross_after,cash_net_after,edge_ticks,fwd_mid_move_1,fwd_mid_move_5,fwd_mid_move_10,signed_mid_move_1,signed_mid_move_5,signed_mid_move_10
ASH_COATED_OSMIUM_RegimeMM,-2,2400,sell,passive,5.0,10000.82191780822,normal_passive_sell,normal,10001.0,10005.0,-2,2500,1.0,10011.0,10011.0,10011.0,1.0,14.0,0.0,both_sides,9992.0,10011.0,10001.5,trade_touch,False,strict,-1.0,10011.0,10011.0,10.17808219178005,1.5,0.5,1.0,-1.5,-0.5,-1.0
ASH_COATED_OSMIUM_RegimeMM,-2,12800,buy,passive,5.0,10009.15,normal_passive_buy,normal,10008.75,10005.0,-2,12900,4.0,10001.0,10001.0,10001.0,4.0,10.0,0.0,bid_only,10001.0,,10009.0,trade_touch,False,strict,3.0,-29993.0,-29993.0,8.149999999999636,0.0,-1.0,0.0,0.0,-1.0,0.0
ASH_COATED_OSMIUM_RegimeMM,-2,28700,sell,passive,2.5,10002.318518518518,defensive_passive_sell,defensive,10004.0,10011.0,-2,28800,2.5,10011.0,10011.0,10011.0,2.5,12.0,0.0,both_sides,9995.0,10011.0,10003.0,trade_touch,False,strict,0.5,-4965.5,-4965.5,8.681481481482479,0.0,-0.5,-2.0,-0.0,0.5,2.0
ASH_COATED_OSMIUM_RegimeMM,-2,30600,sell,passive,5.0,10002.8,normal_passive_sell,normal,10003.0,10007.0,-2,30700,0.5,10012.0,10012.0,10012.0,0.5,11.0,0.0,both_sides,9996.0,10012.0,10004.0,trade_touch,False,strict,0.0,40.5,40.5,9.200000000000728,-1.0,0.0,-1.0,1.0,-0.0,1.0
ASH_COATED_OSMIUM_RegimeMM,-2,32900,sell,passive,5.0,10003.5,normal_passive_sell,normal,10003.5,10008.0,-2,33000,2.5,10013.0,10013.0,10013.0,2.5,13.0,0.0,both_sides,9997.0,10013.0,10005.0,trade_touch,False,strict,-2.5,25073.0,25073.0,9.5,0.5,-1.5,-1.0,-0.5,1.5,1.0
ASH_COATED_OSMIUM_RegimeMM,-2,36600,sell,passive,5.0,10006.205479452055,normal_passive_sell,normal,10005.0,10011.0,-2,36700,3.0,10012.0,10012.0,10012.0,3.0,14.0,0.0,both_sides,9996.0,10012.0,10004.0,trade_touch,False,strict,-5.5,55109.0,55109.0,5.794520547944558,-1.0,0.0,1.0,1.0,-0.0,-1.0
ASH_COATED_OSMIUM_RegimeMM,-2,41900,sell,passive,5.0,10005.682758620691,normal_passive_sell,normal,10004.0,10010.0,-2,42000,2.0,10006.0,10006.0,10006.0,2.0,4.0,0.0,both_sides,9996.0,10006.0,10001.0,trade_touch,False,strict,-7.5,75121.0,75121.0,0.3172413793090527,7.5,-1.0,2.0,-7.5,1.0,-2.0
ASH_COATED_OSMIUM_RegimeMM,-2,47900,sell,passive,5.0,10007.0,normal_passive_sell,normal,10004.0,10011.0,-2,48000,3.5,10014.0,10014.0,10014.0,3.5,13.0,0.0,both_sides,9998.0,10014.0,10006.0,trade_touch,False,strict,-11.0,110170.0,110170.0,7.0,-1.0,0.0,0.0,1.0,-0.0,-0.0
ASH_COATED_OSMIUM_RegimeMM,-2,67200,buy,passive,5.0,10002.889361702128,normal_passive_buy,normal,9998.0,9998.0,-2,67300,3.0,9989.0,9989.0,9989.0,3.0,10.0,0.0,both_sides,9989.0,10005.0,9997.0,trade_touch,False,strict,-8.0,80203.0,80203.0,13.889361702127644,0.0,0.0,-1.0,0.0,0.0,-1.0
ASH_COATED_OSMIUM_RegimeMM,-2,72800,buy,passive,2.5,10000.383333333333,defensive_passive_buy,defensive,9997.25,9992.0,-2,72900,1.5,9990.0,9990.0,9990.0,1.5,15.0,0.0,both_sides,9990.0,10006.0,9998.0,trade_touch,False,strict,-6.5,65218.0,65218.0,10.383333333333212,-1.0,1.0,1.0,-1.0,1.0,1.0
ASH_COATED_OSMIUM_RegimeMM,-2,73800,buy,passive,5.0,10000.6,normal_passive_buy,normal,9998.0,9996.0,-2,73900,0.5,9991.0,9991.0,9991.0,0.5,13.0,0.0,both_sides,9991.0,10007.0,9999.0,trade_touch,False,strict,-6.0,60222.5,60222.5,9.600000000000364,1.0,0.0,-1.0,1.0,0.0,-1.0
ASH_COATED_OSMIUM_RegimeMM,-2,74400,sell,passive,5.0,10000.0,normal_passive_sell,normal,9998.0,10004.0,-2,74500,1.5,10007.0,10007.0,10007.0,1.5,15.0,0.0,both_sides,9991.0,10007.0,9999.0,trade_touch,False,strict,-7.5,75233.0,75233.0,7.0,-4.0,1.5,1.0,4.0,-1.5,-1.0
ASH_COATED_OSMIUM_RegimeMM,-2,81100,buy,passive,5.0,10003.65,normal_passive_buy,normal,10000.25,9999.0,-2,81200,0.5,9991.0,9991.0,9991.0,0.5,11.0,0.0,both_sides,9991.0,10007.0,9999.0,trade_touch,False,strict,-7.0,70237.5,70237.5,12.649999999999636,0.0,1.0,0.0,0.0,1.0,0.0
ASH_COATED_OSMIUM_RegimeMM,-2,93900,sell,passive,5.0,9998.05,normal_passive_sell,normal,9995.25,10003.0,-2,94000,1.5,10004.0,10004.0,10004.0,1.5,13.0,0.0,both_sides,9988.0,10004.0,9996.0,trade_touch,False,strict,-8.5,85243.5,85243.5,5.950000000000728,0.0,-1.0,0.0,-0.0,1.0,-0.0
ASH_COATED_OSMIUM_RegimeMM,-2,96200,sell,passive,5.0,9999.951020408163,normal_passive_sell,normal,9996.0,10004.0,-2,96300,3.0,10006.0,10006.0,10006.0,3.0,10.0,0.0,both_sides,9990.0,10006.0,9998.0,trade_touch,False,strict,-11.5,115261.5,115261.5,6.048979591836542,-1.0,-1.0,-1.0,1.0,1.0,1.0
ASH_COATED_OSMIUM_RegimeMM,-2,100000,buy,passive,5.0,10000.58275862069,normal_passive_buy,normal,9996.5,9996.0,-2,100100,1.5,9993.0,9993.0,9993.0,1.5,3.0,0.0,both_sides,9993.0,10003.0,9998.0,trade_touch,False,strict,-10.0,100272.0,100272.0,7.5827586206905835,-3.0,-1.5,-4.0,-3.0,-1.5,-4.0
ASH_COATED_OSMIUM_RegimeMM,-2,108700,buy,passive,5.0,10001.8125,normal_passive_buy,normal,9998.0,9997.0,-2,108800,2.5,9990.0,9990.0,9990.0,2.5,13.0,0.0,both_sides,9990.0,10000.0,9995.0,trade_touch,False,strict,-7.5,75297.0,75297.0,11.8125,4.5,4.0,5.5,4.5,4.0,5.5
ASH_COATED_OSMIUM_RegimeMM,-2,133000,buy,passive,5.0,10001.0,normal_passive_buy,normal,9998.0,9997.0,-2,133100,0.5,9991.0,9991.0,9991.0,0.5,15.0,0.0,both_sides,9991.0,10009.0,10000.0,trade_touch,False,strict,-7.0,70301.5,70301.5,10.0,0.0,-1.0,-1.0,0.0,-1.0,-1.0
ASH_COATED_OSMIUM_RegimeMM,-2,149700,sell,passive,5.0,10002.8,normal_passive_sell,normal,10000.0,10007.0,-2,149800,1.0,10007.0,10007.0,10007.0,1.0,10.0,0.0,both_sides,9991.0,10007.0,9999.0,trade_touch,False,strict,-8.0,80308.5,80308.5,4.200000000000728,0.0,1.0,1.0,-0.0,-1.0,-1.0
ASH_COATED_OSMIUM_RegimeMM,-2,174900,buy,passive,5.0,10002.2,normal_passive_buy,normal,9999.0,9998.0,-2,175000,0.5,9998.0,9998.0,9998.0,0.5,5.0,0.0,both_sides,9998.0,10008.0,10003.0,trade_touch,False,strict,-7.5,75309.5,75309.5,4.200000000000728,-7.5,-2.0,-3.0,-7.5,-2.0,-3.0
ASH_COATED_OSMIUM_RegimeMM,-2,179500,sell,passive,5.0,10004.511111111111,normal_passive_sell,normal,10001.0,10009.0,-2,179600,3.0,10009.0,10009.0,10009.0,3.0,14.0,0.0,both_sides,9993.0,10009.0,10001.0,trade_touch,False,strict,-10.5,105336.5,105336.5,4.488888888889051,0.0,0.0,1.0,-0.0,-0.0,-1.0
ASH_COATED_OSMIUM_RegimeMM,-2,183500,sell,passive,5.0,10005.2,normal_passive_sell,normal,10001.0,10010.0,-2,183600,3.0,10010.0,10010.0,10010.0,3.0,14.0,0.0,both_sides,9994.0,10010.0,10002.0,trade_touch,False,strict,-13.5,135366.5,135366.5,4.799999999999272,0.0,0.0,1.0,-0.0,-0.0,-1.0
ASH_COATED_OSMIUM_RegimeMM,-2,194600,buy,passive,5.0,10003.4,normal_passive_buy,normal,9998.0,9999.0,-2,194700,4.0,9989.0,9989.0,9989.0,4.0,10.0,0.0,both_sides,9989.0,10007.0,9998.0,trade_touch,False,strict,-9.5,95410.5,95410.5,14.399999999999636,-1.0,-1.0,-0.5,-1.0,-1.0,-0.5
ASH_COATED_OSMIUM_RegimeMM,-2,203400,sell,passive,5.0,9996.8,normal_passive_sell,normal,9993.0,10001.0,-2,203500,1.5,9996.0,9996.0,9996.0,1.5,3.0,0.0,both_sides,9986.0,9996.0,9991.0,trade_touch,False,strict,-11.0,110404.5,110404.5,-0.7999999999992724,3.0,3.0,4.5,-3.0,-3.0,-4.5
ASH_COATED_OSMIUM_RegimeMM,-2,208400,sell,passive,5.0,9999.60588235294,normal_passive_sell,normal,9995.0,10004.0,-2,208500,2.5,10003.0,10003.0,10003.0,2.5,13.0,0.0,both_sides,9985.0,10003.0,9994.0,trade_touch,False,strict,-13.5,135412.0,135412.0,3.3941176470598293,2.0,5.5,2.0,-2.0,-5.5,-2.0
ASH_COATED_OSMIUM_RegimeMM,-2,236500,buy,passive,5.0,10001.4,normal_passive_buy,normal,9996.0,9997.0,-2,236600,4.5,9990.0,9990.0,9990.0,4.5,11.0,0.0,both_sides,9990.0,10006.0,9998.0,trade_touch,False,strict,-9.0,90457.0,90457.0,11.399999999999636,-1.0,0.0,0.0,-1.0,0.0,0.0
ASH_COATED_OSMIUM_RegimeMM,-2,254000,buy,passive,5.0,10003.6,normal_passive_buy,normal,10000.0,9999.0,-2,254100,3.0,10000.0,10000.0,10000.0,3.0,2.0,0.0,both_sides,10000.0,10006.0,10003.0,trade_touch,False,strict,-6.0,60457.0,60457.0,3.600000000000364,-4.0,-6.0,-6.0,-4.0,-6.0,-6.0
ASH_COATED_OSMIUM_RegimeMM,-2,282500,sell,passive,5.0,9993.498901098901,dislocation_passive_sell,dislocation,9991.0,9996.0,-2,282600,0.5,10002.0,10002.0,10002.0,0.5,11.0,0.0,both_sides,9983.0,10002.0,9992.5,trade_touch,False,strict,-6.5,65458.0,65458.0,8.501098901098885,1.5,2.0,2.5,-1.5,-2.0,-2.5
ASH_COATED_OSMIUM_RegimeMM,-2,285300,buy,passive,5.0,9997.933333333334,normal_passive_buy,normal,9995.0,9993.0,-2,285400,3.5,9987.0,9987.0,9987.0,3.5,13.0,0.0,both_sides,9987.0,10005.0,9996.0,trade_touch,False,strict,-3.0,30503.5,30503.5,10.933333333334303,-1.0,-0.5,-2.0,-1.0,-0.5,-2.0
ASH_COATED_OSMIUM_RegimeMM,-2,297500,sell,passive,5.0,9996.2,normal_passive_sell,normal,9995.0,10001.0,-2,297600,0.5,10003.0,10003.0,10003.0,0.5,11.0,0.0,both_sides,9987.0,10003.0,9995.0,trade_touch,False,strict,-3.5,35505.0,35505.0,6.799999999999272,0.0,-4.0,1.5,-0.0,4.0,-1.5
ASH_COATED_OSMIUM_RegimeMM,-2,300800,buy,passive,5.0,9994.65,normal_passive_buy,normal,9993.25,9990.0,-2,300900,5.0,9982.0,9982.0,9982.0,5.0,10.0,0.0,both_sides,9982.0,10001.0,9991.5,trade_touch,False,strict,1.5,-14405.0,-14405.0,12.649999999999636,-1.5,-1.5,-1.5,-1.5,-1.5,-1.5
ASH_COATED_OSMIUM_RegimeMM,-2,306000,buy,passive,5.0,9991.4,normal_passive_buy,normal,9992.0,9987.0,-2,306100,3.5,9985.0,9985.0,9985.0,3.5,11.0,0.0,both_sides,9985.0,10001.0,9993.0,trade_touch,False,strict,5.0,-49352.5,-49352.5,6.399999999999636,0.0,-1.5,-1.0,0.0,-1.5,-1.0
ASH_COATED_OSMIUM_RegimeMM,-2,306300,sell,passive,5.0,9989.814814814816,normal_passive_sell,normal,9992.0,9994.0,-2,306400,2.0,10001.0,10001.0,10001.0,2.0,10.0,0.0,both_sides,9985.0,10001.0,9993.0,trade_touch,False,strict,3.0,-29350.5,-29350.5,11.18518518518431,0.0,-1.0,-1.0,-0.0,1.0,1.0
ASH_COATED_OSMIUM_RegimeMM,-2,318700,buy,passive,5.0,9991.574193548386,normal_passive_buy,normal,9993.0,9987.0,-2,318800,1.0,9986.0,9986.0,9986.0,1.0,12.0,0.0,both_sides,9986.0,10004.0,9995.0,trade_touch,False,strict,4.0,-39336.5,-39336.5,5.574193548385665,-1.0,-2.0,0.5,-1.0,-2.0,0.5
ASH_COATED_OSMIUM_RegimeMM,-2,333300,buy,passive,5.0,9989.945454545454,normal_passive_buy,normal,9991.0,9985.0,-2,333400,4.5,9983.0,9983.0,9983.0,4.5,11.0,0.0,both_sides,9983.0,9999.0,9991.0,trade_touch,False,strict,8.5,-84260.0,-84260.0,6.945454545453686,-1.0,-1.5,-1.0,-1.0,-1.5,-1.0
ASH_COATED_OSMIUM_RegimeMM,-2,370600,buy,passive,5.0,9997.6,normal_passive_buy,normal,10001.0,9993.0,-2,370700,2.5,9993.0,9993.0,9993.0,2.5,11.0,0.0,both_sides,9993.0,10009.0,10001.0,trade_touch,False,strict,11.0,-109242.5,-109242.5,4.600000000000364,-1.0,-1.5,0.0,-1.0,-1.5,0.0
ASH_COATED_OSMIUM_RegimeMM,-2,377700,sell,passive,5.0,9995.336842105264,normal_passive_sell,normal,10000.0,10000.0,-2,377800,2.0,10008.0,10008.0,10008.0,2.0,10.0,0.0,both_sides,9990.0,10008.0,9999.0,trade_touch,False,strict,9.0,-89226.5,-89226.5,12.663157894736287,2.5,1.0,1.0,-2.5,-1.0,-1.0
ASH_COATED_OSMIUM_RegimeMM,-2,384900,sell,passive,2.5,9999.4,defensive_passive_sell,defensive,10004.0,10008.0,-2,385000,2.5,10005.0,10005.0,10005.0,2.5,1.0,0.0,both_sides,9995.0,10005.0,10000.0,trade_touch,False,strict,6.5,-64214.0,-64214.0,5.600000000000364,0.0,2.0,5.0,-0.0,-2.0,-5.0
ASH_COATED_OSMIUM_RegimeMM,-2,394000,sell,passive,5.0,10000.56923076923,normal_passive_sell,normal,10003.0,10005.0,-2,394100,1.5,10013.0,10013.0,10013.0,1.5,11.0,0.0,both_sides,9995.0,10013.0,10004.0,trade_touch,False,strict,5.0,-49194.5,-49194.5,12.430769230770238,3.5,2.0,2.0,-3.5,-2.0,-2.0
ASH_COATED_OSMIUM_RegimeMM,-2,396300,buy,passive,5.0,10003.0,normal_passive_buy,normal,10005.0,9999.0,-2,396400,1.0,9996.0,9996.0,9996.0,1.0,14.0,0.0,both_sides,9996.0,10012.0,10004.0,trade_touch,False,strict,6.0,-59190.5,-59190.5,7.0,-5.0,0.0,1.0,-5.0,0.0,1.0
ASH_COATED_OSMIUM_RegimeMM,-2,399800,buy,passive,5.0,10001.6,normal_passive_buy,normal,10004.0,9997.0,-2,399900,3.5,9995.0,9995.0,9995.0,3.5,11.0,0.0,both_sides,9995.0,10011.0,10003.0,trade_touch,False,strict,9.5,-94173.0,-94173.0,6.600000000000364,0.0,-1.5,-1.0,0.0,-1.5,-1.0
ASH_COATED_OSMIUM_RegimeMM,-2,401300,buy,passive,5.0,9999.36923076923,normal_passive_buy,normal,10003.0,9995.0,-2,401400,1.0,9995.0,9995.0,9995.0,1.0,10.0,0.0,both_sides,9995.0,10011.0,10003.0,trade_touch,False,strict,10.5,-104168.0,-104168.0,4.369230769230853,-1.0,0.0,1.5,-1.0,0.0,1.5
ASH_COATED_OSMIUM_RegimeMM,-2,446900,sell,passive,5.0,9995.8,normal_passive_sell,normal,10000.0,10000.0,-2,447000,2.0,10009.0,10009.0,10009.0,2.0,14.0,0.0,both_sides,9998.0,10009.0,10003.5,trade_touch,False,strict,8.5,-84150.0,-84150.0,13.200000000000728,-4.0,-4.5,-0.5,4.0,4.5,0.5
ASH_COATED_OSMIUM_RegimeMM,-2,454100,buy,passive,5.0,9995.6,normal_passive_buy,normal,9999.0,9991.0,-2,454200,1.5,9997.0,9997.0,9997.0,1.5,3.0,0.0,both_sides,9997.0,10007.0,10002.0,trade_touch,False,strict,10.0,-99145.5,-99145.5,-1.3999999999996362,-2.0,-1.0,-1.0,-2.0,-1.0,-1.0
ASH_COATED_OSMIUM_RegimeMM,-2,455000,buy,passive,5.0,9996.0,normal_passive_buy,normal,10000.0,9992.0,-2,455100,0.5,9993.0,9993.0,9993.0,0.5,13.0,0.0,both_sides,9993.0,10009.0,10001.0,trade_touch,False,strict,10.5,-104142.0,-104142.0,3.0,0.0,0.0,-3.0,0.0,0.0,-3.0
ASH_COATED_OSMIUM_RegimeMM,-2,499600,sell,passive,5.0,9989.8,normal_passive_sell,normal,9994.0,9994.0,-2,499700,2.0,10002.0,10002.0,10002.0,2.0,14.0,0.0,both_sides,9986.0,10002.0,9994.0,trade_touch,False,strict,8.5,-84138.0,-84138.0,12.200000000000728,1.0,2.0,2.0,-1.0,-2.0,-2.0
ASH_COATED_OSMIUM_RegimeMM,-2,512300,sell,passive,5.0,9988.12,normal_passive_sell,normal,9992.0,9993.0,-2,512400,0.5,10000.0,10000.0,10000.0,0.5,13.0,0.0,both_sides,9984.0,10000.0,9992.0,trade_touch,False,strict,8.0,-79138.0,-79138.0,11.8799999999992,0.0,0.0,-1.0,-0.0,-0.0,1.0
ASH_COATED_OSMIUM_RegimeMM,-2,525500,buy,passive,5.0,9990.290196078431,normal_passive_buy,normal,9993.0,9986.0,-2,525600,2.0,9986.0,9986.0,9986.0,2.0,12.0,0.0,bid_only,9986.0,,9994.0,trade_touch,False,strict,10.0,-99110.0,-99110.0,4.290196078431109,0.0,1.0,0.0,0.0,1.0,0.0
ASH_COATED_OSMIUM_RegimeMM,-2,526800,buy,passive,5.0,9989.555970149253,normal_passive_buy,normal,9993.75,9985.0,-2,526900,1.0,9986.0,9986.0,9986.0,1.0,10.0,0.0,both_sides,9986.0,10002.0,9994.0,trade_touch,False,strict,11.0,-109096.0,-109096.0,3.555970149252971,0.0,0.0,0.0,0.0,0.0,0.0
ASH_COATED_OSMIUM_RegimeMM,-2,532700,buy,passive,5.0,9990.793548387097,normal_passive_buy,normal,9995.0,9986.0,-2,532800,1.0,9992.0,9992.0,9992.0,1.0,2.0,0.0,both_sides,9992.0,10002.0,9997.0,trade_touch,False,strict,12.0,-119088.0,-119088.0,-1.206451612903038,-3.0,-3.0,-6.5,-3.0,-3.0,-6.5
ASH_COATED_OSMIUM_RegimeMM,-2,599400,sell,passive,5.0,9987.802941176471,normal_passive_sell,normal,9992.75,9992.0,-2,599500,1.5,9996.0,9996.0,9996.0,1.5,3.0,0.0,both_sides,9986.0,9996.0,9991.0,trade_touch,False,strict,10.5,-104094.0,-104094.0,8.197058823529005,4.0,3.0,3.0,-4.0,-3.0,-3.0
ASH_COATED_OSMIUM_RegimeMM,-2,610400,sell,passive,5.0,9990.223076923075,normal_passive_sell,normal,9994.0,9995.0,-2,610500,3.5,9996.0,9996.0,9996.0,3.5,1.0,0.0,both_sides,9986.0,9996.0,9991.0,trade_touch,False,strict,7.0,-69108.0,-69108.0,5.776923076924504,3.0,3.0,3.0,-3.0,-3.0,-3.0
ASH_COATED_OSMIUM_RegimeMM,-2,611400,buy,passive,5.0,9991.2,normal_passive_buy,normal,9994.0,9987.0,-2,611500,1.5,9986.0,9986.0,9986.0,1.5,13.0,0.0,bid_only,9986.0,,9994.0,trade_touch,False,strict,8.5,-84087.0,-84087.0,5.200000000000728,0.5,0.0,0.0,0.5,0.0,0.0
ASH_COATED_OSMIUM_RegimeMM,-2,642700,buy,passive,5.0,9992.79,normal_passive_buy,normal,9996.75,9988.0,-2,642800,1.0,9988.0,9988.0,9988.0,1.0,10.0,0.0,both_sides,9988.0,10004.0,9996.0,trade_touch,False,strict,9.5,-94075.0,-94075.0,4.790000000000873,0.5,1.0,5.5,0.5,1.0,5.5
ASH_COATED_OSMIUM_RegimeMM,-2,686900,sell,passive,5.0,9993.710204081633,normal_passive_sell,normal,9997.0,9998.0,-2,687000,3.0,10005.0,10005.0,10005.0,3.0,10.0,0.0,both_sides,9989.0,10005.0,9997.0,trade_touch,False,strict,6.5,-64060.0,-64060.0,11.289795918366508,0.0,0.0,1.0,-0.0,-0.0,-1.0
ASH_COATED_OSMIUM_RegimeMM,-2,699800,buy,passive,5.0,9996.4,normal_passive_buy,normal,9999.0,9992.0,-2,699900,4.0,9991.0,9991.0,9991.0,4.0,10.0,0.0,both_sides,9991.0,10010.0,10000.5,trade_touch,False,strict,10.5,-104024.0,-104024.0,5.399999999999636,-1.5,0.0,-2.5,-1.5,0.0,-2.5
ASH_COATED_OSMIUM_RegimeMM,-2,710400,sell,passive,5.0,9997.312195121951,normal_passive_sell,normal,10001.0,10002.0,-2,710500,0.5,10008.0,10008.0,10008.0,0.5,11.0,0.0,both_sides,9992.0,10008.0,10000.0,trade_touch,False,strict,10.0,-99020.0,-99020.0,10.687804878049064,0.0,0.0,0.0,-0.0,-0.0,-0.0
ASH_COATED_OSMIUM_RegimeMM,-2,713900,sell,passive,5.0,9994.25,normal_passive_sell,normal,9998.25,9999.0,-2,714000,0.5,10004.0,10004.0,10004.0,0.5,13.0,0.0,both_sides,9988.0,10004.0,9996.0,trade_touch,False,strict,9.5,-94018.0,-94018.0,9.75,0.0,-4.5,1.0,-0.0,4.5,-1.0
ASH_COATED_OSMIUM_RegimeMM,-2,715600,sell,passive,5.0,9993.2,normal_passive_sell,normal,9997.0,9998.0,-2,715700,1.5,9998.0,9998.0,9998.0,1.5,3.0,0.0,both_sides,9986.0,9998.0,9992.0,trade_touch,False,strict,8.0,-79021.0,-79021.0,4.799999999999272,5.0,3.5,3.5,-5.0,-3.5,-3.5
ASH_COATED_OSMIUM_RegimeMM,-2,749900,buy,passive,5.0,9994.214634146341,normal_passive_buy,normal,9997.0,9990.0,-2,750000,1.5,9988.0,9988.0,9988.0,1.5,15.0,0.0,both_sides,9988.0,10006.0,9997.0,trade_touch,False,strict,9.5,-94003.0,-94003.0,6.214634146341268,-1.0,-1.0,-1.0,-1.0,-1.0,-1.0
ASH_COATED_OSMIUM_RegimeMM,-2,752500,sell,passive,5.0,9991.976119402985,normal_passive_sell,normal,9996.0,9996.0,-2,752600,1.0,10003.0,10003.0,10003.0,1.0,10.0,0.0,both_sides,9987.0,10003.0,9995.0,trade_touch,False,strict,8.5,-84000.0,-84000.0,11.023880597014795,1.0,0.5,1.0,-1.0,-0.5,-1.0
ASH_COATED_OSMIUM_RegimeMM,-2,753000,sell,passive,5.0,9993.174468085106,normal_passive_sell,normal,9996.0,9998.0,-2,753100,1.5,10005.0,10005.0,10005.0,1.5,11.0,0.0,both_sides,9986.0,10005.0,9995.5,trade_touch,False,strict,7.0,-68992.5,-68992.5,11.825531914893872,0.5,0.5,0.5,-0.5,-0.5,-0.5
ASH_COATED_OSMIUM_RegimeMM,-2,756600,sell,passive,5.0,9993.45,normal_passive_sell,normal,9996.25,9998.0,-2,756700,5.0,10004.0,10004.0,10004.0,5.0,15.0,0.0,both_sides,9988.0,10004.0,9996.0,trade_touch,False,strict,2.0,-18972.5,-18972.5,10.549999999999272,0.0,0.0,1.0,-0.0,-0.0,-1.0
ASH_COATED_OSMIUM_RegimeMM,-2,764700,buy,passive,5.0,9996.2,normal_passive_buy,normal,9997.0,9992.0,-2,764800,3.0,9988.0,9988.0,9988.0,3.0,10.0,0.0,both_sides,9988.0,10004.0,9996.0,trade_touch,False,strict,5.0,-48936.5,-48936.5,8.200000000000728,0.0,-1.0,-1.0,0.0,-1.0,-1.0
ASH_COATED_OSMIUM_RegimeMM,-2,768400,sell,passive,5.0,9993.8,normal_passive_sell,normal,9996.0,9998.0,-2,768500,1.5,10004.0,10004.0,10004.0,1.5,15.0,0.0,both_sides,9988.0,10004.0,9996.0,trade_touch,False,strict,3.5,-33930.5,-33930.5,10.200000000000728,-1.0,0.0,0.0,1.0,-0.0,-0.0
ASH_COATED_OSMIUM_RegimeMM,-2,776600,buy,passive,5.0,9996.6,normal_passive_buy,normal,9998.0,9992.0,-2,776700,1.0,9989.0,9989.0,9989.0,1.0,10.0,0.0,both_sides,9989.0,10005.0,9997.0,trade_touch,False,strict,4.5,-43919.5,-43919.5,7.600000000000364,0.0,-1.0,0.0,0.0,-1.0,0.0
ASH_COATED_OSMIUM_RegimeMM,-2,808300,sell,passive,5.0,9990.623076923077,normal_passive_sell,normal,9993.0,9995.0,-2,808400,2.5,10001.0,10001.0,10001.0,2.5,11.0,0.0,both_sides,9990.0,10001.0,9995.5,trade_touch,False,strict,2.0,-18917.0,-18917.0,10.376923076923049,-2.0,-3.5,-2.5,2.0,3.5,2.5
ASH_COATED_OSMIUM_RegimeMM,-2,817800,buy,passive,5.0,9994.2,normal_passive_buy,normal,9995.0,9990.0,-2,817900,3.5,9988.0,9988.0,9988.0,3.5,13.0,0.0,both_sides,9988.0,10003.0,9995.5,trade_touch,False,strict,5.5,-53875.0,-53875.0,6.200000000000728,-1.0,0.5,0.5,-1.0,0.5,0.5
ASH_COATED_OSMIUM_RegimeMM,-2,820900,buy,passive,5.0,9993.8,normal_passive_buy,normal,9996.0,9989.0,-2,821000,3.0,9998.0,9998.0,9998.0,3.0,2.0,0.0,both_sides,9998.0,10004.0,10001.0,trade_touch,False,strict,8.5,-83869.0,-83869.0,-4.200000000000728,-4.0,-4.0,-5.0,-4.0,-4.0,-5.0
ASH_COATED_OSMIUM_RegimeMM,-2,822600,sell,passive,5.0,9993.081481481482,normal_passive_sell,normal,9996.0,9998.0,-2,822700,1.5,10005.0,10005.0,10005.0,1.5,11.0,0.0,both_sides,9989.0,10005.0,9997.0,trade_touch,False,strict,7.0,-68861.5,-68861.5,11.918518518517885,-2.0,-1.0,-3.5,2.0,1.0,3.5
ASH_COATED_OSMIUM_RegimeMM,-2,849900,buy,passive,5.0,10000.7,normal_passive_buy,normal,10004.0,9996.0,-2,850000,3.5,9996.0,9996.0,9996.0,3.5,13.0,0.0,both_sides,9996.0,10012.0,10004.0,trade_touch,False,strict,10.5,-103847.5,-103847.5,4.700000000000728,0.0,-1.0,2.5,0.0,-1.0,2.5
ASH_COATED_OSMIUM_RegimeMM,-2,851100,sell,passive,5.0,9999.8,normal_passive_sell,normal,10004.0,10004.0,-2,851200,1.0,10011.0,10011.0,10011.0,1.0,10.0,0.0,both_sides,9992.0,10011.0,10001.5,trade_touch,False,strict,9.5,-93836.5,-93836.5,11.200000000000728,1.0,3.0,0.5,-1.0,-3.0,-0.5
ASH_COATED_OSMIUM_RegimeMM,-2,858500,buy,passive,5.0,9999.644444444446,normal_passive_buy,normal,10003.0,9995.0,-2,858600,5.0,9993.0,9993.0,9993.0,5.0,10.0,0.0,both_sides,9993.0,10009.0,10001.0,trade_touch,False,strict,14.5,-143801.5,-143801.5,6.6444444444459805,0.0,0.0,0.0,0.0,0.0,0.0
ASH_COATED_OSMIUM_RegimeMM,-2,891200,sell,passive,5.0,9994.788235294118,normal_passive_sell,normal,10001.0,9999.0,-2,891300,3.0,10008.0,10008.0,10008.0,3.0,14.0,0.0,both_sides,9992.0,10008.0,10000.0,trade_touch,False,strict,11.5,-113777.5,-113777.5,13.21176470588216,0.0,-2.0,-1.0,-0.0,2.0,1.0
ASH_COATED_OSMIUM_RegimeMM,-2,923200,sell,passive,5.0,9998.61568627451,normal_passive_sell,normal,10003.0,10003.0,-2,923300,1.5,10006.0,10006.0,10006.0,1.5,3.0,0.0,both_sides,9996.0,10006.0,10001.0,trade_touch,False,strict,10.0,-98768.5,-98768.5,7.3843137254898465,4.5,3.0,3.0,-4.5,-3.0,-3.0
ASH_COATED_OSMIUM_RegimeMM,-2,931200,sell,passive,5.0,10002.0,normal_passive_sell,normal,10006.0,10006.0,-2,931300,1.5,10013.0,10013.0,10013.0,1.5,13.0,0.0,both_sides,9997.0,10013.0,10005.0,trade_touch,False,strict,8.5,-83749.0,-83749.0,11.0,1.0,0.0,0.5,-1.0,-0.0,-0.5
ASH_COATED_OSMIUM_RegimeMM,-2,933400,sell,passive,2.5,10001.6,defensive_passive_sell,defensive,10006.0,10010.0,-2,933500,2.5,10013.0,10013.0,10013.0,2.5,11.0,0.0,both_sides,9997.0,10013.0,10005.0,trade_touch,False,strict,6.0,-58716.5,-58716.5,11.399999999999636,-1.5,-1.0,-1.0,1.5,1.0,1.0
ASH_COATED_OSMIUM_RegimeMM,-2,933600,sell,passive,5.0,10003.116666666667,normal_passive_sell,normal,10005.75,10008.0,-2,933700,1.0,10012.0,10012.0,10012.0,1.0,10.0,0.0,both_sides,9996.0,10012.0,10004.0,trade_touch,False,strict,5.0,-48704.5,-48704.5,8.883333333333212,0.0,1.0,-4.5,-0.0,-1.0,4.5
ASH_COATED_OSMIUM_RegimeMM,-2,940000,buy,passive,5.0,10003.76724137931,normal_passive_buy,normal,10006.25,9999.0,-2,940100,2.5,9999.0,9999.0,9999.0,2.5,15.0,0.0,both_sides,9999.0,10015.0,10007.0,trade_touch,False,strict,7.5,-73702.0,-73702.0,4.76724137930978,0.0,1.5,-1.0,0.0,1.5,-1.0
ASH_COATED_OSMIUM_RegimeMM,-2,940500,buy,passive,5.0,10004.444444444445,normal_passive_buy,normal,10007.0,10000.0,-2,940600,1.0,9999.0,9999.0,9999.0,1.0,10.0,0.0,both_sides,9999.0,10018.0,10008.5,trade_touch,False,strict,8.5,-83701.0,-83701.0,5.444444444445253,-2.5,-2.5,-0.5,-2.5,-2.5,-0.5
ASH_COATED_OSMIUM_RegimeMM,-2,943000,buy,passive,5.0,10002.771428571428,normal_passive_buy,normal,10006.0,9998.0,-2,943100,0.5,9999.0,9999.0,9999.0,0.5,11.0,0.0,both_sides,9999.0,10015.0,10007.0,trade_touch,False,strict,9.0,-88700.5,-88700.5,3.7714285714282596,-1.0,2.0,-1.0,-1.0,2.0,-1.0
ASH_COATED_OSMIUM_RegimeMM,-2,943500,buy,passive,5.0,10002.4,normal_passive_buy,normal,10006.0,9998.0,-2,943600,0.5,10004.0,10004.0,10004.0,0.5,3.0,0.0,both_sides,10004.0,10014.0,10009.0,trade_touch,False,strict,9.5,-93702.5,-93702.5,-1.6000000000003638,-2.0,-3.0,-1.5,-2.0,-3.0,-1.5
ASH_COATED_OSMIUM_RegimeMM,-2,963100,sell,passive,2.5,9994.82962962963,defensive_passive_sell,defensive,9998.0,10003.0,-2,963200,0.5,10005.0,10005.0,10005.0,0.5,11.0,0.0,both_sides,9987.0,10005.0,9996.0,trade_touch,False,strict,9.0,-88700.0,-88700.0,10.17037037036971,1.0,-0.5,0.0,-1.0,0.5,-0.0
ASH_COATED_OSMIUM_RegimeMM,-2,966900,sell,passive,5.0,9991.4,normal_passive_sell,normal,9995.0,9996.0,-2,967000,1.0,10004.0,10004.0,10004.0,1.0,14.0,0.0,both_sides,9988.0,10004.0,9996.0,trade_touch,False,strict,8.0,-78696.0,-78696.0,12.600000000000364,-1.0,0.0,-2.5,1.0,-0.0,2.5
ASH_COATED_OSMIUM_RegimeMM,-2,973300,buy,passive,5.0,9992.05,normal_passive_buy,normal,9995.25,9988.0,-2,973400,1.0,9986.0,9986.0,9986.0,1.0,14.0,0.0,both_sides,9986.0,10002.0,9994.0,trade_touch,False,strict,9.0,-88682.0,-88682.0,6.049999999999272,0.0,0.0,0.0,0.0,0.0,0.0
ASH_COATED_OSMIUM_RegimeMM,-2,977000,sell,passive,5.0,9990.636363636364,normal_passive_sell,normal,9994.0,9995.0,-2,977100,1.0,10001.0,10001.0,10001.0,1.0,12.0,0.0,both_sides,9985.0,10001.0,9993.0,trade_touch,False,strict,8.0,-78681.0,-78681.0,10.363636363636033,-1.0,0.0,-4.0,1.0,-0.0,4.0
ASH_COATED_OSMIUM_RegimeMM,-2,999900,sell,taker,8.0,9993.5,force_flat,force_flat,9993.5,,-2,999900,8.0,9984.0,9983.0,9983.0,8.0,13.0,0.0,both_sides,9984.0,10003.0,9993.5,sweep_visible_book,True,,0.0,1191.0,1183.0,-10.5,,,,,,
ASH_COATED_OSMIUM_RegimeMM,-1,2700,buy,passive,5.0,9992.787878787878,normal_passive_buy,normal,9993.0,9988.0,-1,2800,4.5,9985.0,9985.0,9985.0,4.5,11.0,0.0,both_sides,9985.0,10004.0,9994.5,trade_touch,False,strict,4.5,-43741.5,-43749.5,7.787878787878071,-1.5,-1.5,3.0,-1.5,-1.5,3.0
ASH_COATED_OSMIUM_RegimeMM,-1,5100,buy,passive,5.0,9991.2,normal_passive_buy,normal,9993.0,9987.0,-1,5200,3.5,9986.0,9986.0,9986.0,3.5,11.0,0.0,both_sides,9986.0,10004.0,9995.0,trade_touch,False,strict,8.0,-78692.5,-78700.5,5.200000000000728,0.5,1.0,-4.0,0.5,1.0,-4.0
ASH_COATED_OSMIUM_RegimeMM,-1,8900,sell,passive,5.0,9992.32,normal_passive_sell,normal,9995.0,9997.0,-1,9000,4.5,10004.0,10004.0,10004.0,4.5,11.0,0.0,both_sides,9988.0,10004.0,9996.0,trade_touch,False,strict,3.5,-33674.5,-33682.5,11.680000000000291,0.0,-3.0,1.5,-0.0,3.0,-1.5
ASH_COATED_OSMIUM_RegimeMM,-1,18600,sell,passive,5.0,9999.6,normal_passive_sell,normal,10001.0,10004.0,-1,18700,3.0,9998.0,9998.0,9998.0,3.0,4.0,0.0,both_sides,9992.0,9998.0,9995.0,trade_touch,False,strict,0.5,-3680.5,-3688.5,-1.6000000000003638,5.0,4.5,4.0,-5.0,-4.5,-4.0
ASH_COATED_OSMIUM_RegimeMM,-1,21400,sell,passive,5.0,10000.165853658536,normal_passive_sell,normal,10000.0,10005.0,-1,21500,1.0,10008.0,10008.0,10008.0,1.0,10.0,0.0,both_sides,9992.0,10008.0,10000.0,trade_touch,False,strict,-0.5,6327.5,6319.5,7.8341463414635655,-1.0,-1.0,-1.0,1.0,1.0,1.0
ASH_COATED_OSMIUM_RegimeMM,-1,25800,sell,passive,5.0,9999.2,normal_passive_sell,normal,9999.0,10004.0,-1,25900,1.0,10009.0,10009.0,10009.0,1.0,10.0,0.0,both_sides,9993.0,10009.0,10001.0,trade_touch,False,strict,-1.5,16336.5,16328.5,9.799999999999272,0.0,-1.0,0.5,-0.0,1.0,-0.5
ASH_COATED_OSMIUM_RegimeMM,-1,54100,sell,passive,5.0,9998.6,normal_passive_sell,normal,9998.0,10003.0,-1,54200,1.0,10004.0,10004.0,10004.0,1.0,10.0,0.0,both_sides,9988.0,10004.0,9996.0,trade_touch,False,strict,-2.5,26340.5,26332.5,5.399999999999636,0.0,1.0,1.0,-0.0,-1.0,-1.0
ASH_COATED_OSMIUM_RegimeMM,-1,57100,sell,passive,5.0,9998.0,normal_passive_sell,normal,9997.0,10002.0,-1,57200,1.5,10001.0,10001.0,10001.0,1.5,3.0,0.0,both_sides,9991.0,10001.0,9996.0,trade_touch,False,strict,-4.0,41342.0,41334.0,3.0,3.0,-2.5,0.0,-3.0,2.5,-0.0
ASH_COATED_OSMIUM_RegimeMM,-1,57600,sell,passive,5.0,9998.6,normal_passive_sell,normal,9997.0,10003.0,-1,57700,4.0,9996.0,9996.0,9996.0,4.0,8.0,0.0,both_sides,9991.0,9996.0,9993.5,trade_touch,False,strict,-8.0,81326.0,81318.0,-2.600000000000364,4.5,2.5,6.0,-4.5,-2.5,-6.0
ASH_COATED_OSMIUM_RegimeMM,-1,69800,buy,passive,2.5,10000.690566037736,defensive_passive_buy,defensive,9998.0,9992.0,-1,69900,1.0,9991.0,9991.0,9991.0,1.0,14.0,0.0,both_sides,9991.0,10007.0,9999.0,trade_touch,False,strict,-7.0,71335.0,71327.0,9.690566037736062,0.0,4.5,-0.5,0.0,4.5,-0.5
ASH_COATED_OSMIUM_RegimeMM,-1,125400,buy,passive,2.5,10000.8,defensive_passive_buy,defensive,9997.0,9992.0,-1,125500,2.5,9988.0,9988.0,9988.0,2.5,13.0,0.0,both_sides,9988.0,10004.0,9996.0,trade_touch,False,strict,-4.5,46365.0,46357.0,12.799999999999272,0.0,0.0,0.0,0.0,0.0,0.0
ASH_COATED_OSMIUM_RegimeMM,-1,130300,sell,passive,5.0,9996.8,normal_passive_sell,normal,9995.0,10001.0,-1,130400,1.0,10002.0,10002.0,10002.0,1.0,10.0,0.0,both_sides,9986.0,10002.0,9994.0,trade_touch,False,strict,-5.5,56367.0,56359.0,5.200000000000728,-5.0,1.0,1.0,5.0,-1.0,-1.0
ASH_COATED_OSMIUM_RegimeMM,-1,131200,sell,passive,5.0,9997.735714285714,normal_passive_sell,normal,9995.0,10002.0,-1,131300,3.5,10003.0,10003.0,10003.0,3.5,13.0,0.0,both_sides,9987.0,10003.0,9995.0,trade_touch,False,strict,-9.0,91377.5,91369.5,5.264285714285506,0.0,1.0,1.0,-0.0,-1.0,-1.0
ASH_COATED_OSMIUM_RegimeMM,-1,145700,sell,passive,5.0,10004.38431372549,normal_passive_sell,normal,10001.0,10009.0,-1,145800,3.0,10009.0,10009.0,10009.0,3.0,14.0,0.0,both_sides,9993.0,10009.0,10001.0,trade_touch,False,strict,-12.0,121404.5,121396.5,4.6156862745101535,1.5,-0.5,-1.0,-1.5,0.5,1.0
ASH_COATED_OSMIUM_RegimeMM,-1,148300,buy,passive,5.0,10005.309803921567,normal_passive_buy,normal,10001.0,10001.0,-1,148400,0.5,9994.0,9994.0,9994.0,0.5,11.0,0.0,both_sides,9994.0,10010.0,10002.0,trade_touch,False,strict,-11.5,116407.5,116399.5,11.309803921567436,0.0,-1.0,-2.0,0.0,-1.0,-2.0
ASH_COATED_OSMIUM_RegimeMM,-1,160600,sell,passive,5.0,10005.81568627451,normal_passive_sell,normal,10001.0,10010.0,-1,160700,1.5,10008.0,10008.0,10008.0,1.5,11.0,0.0,both_sides,9992.0,10008.0,10000.0,trade_touch,False,strict,-13.0,131419.5,131411.5,2.184313725489119,0.0,1.0,1.0,-0.0,-1.0,-1.0
ASH_COATED_OSMIUM_RegimeMM,-1,182400,buy,passive,5.0,10006.95,normal_passive_buy,normal,10001.75,10002.0,-1,182500,4.5,9994.0,9994.0,9994.0,4.5,11.0,0.0,both_sides,9994.0,10013.0,10003.5,trade_touch,False,strict,-8.5,86446.5,86438.5,12.950000000000728,-1.5,-2.5,-1.5,-1.5,-2.5,-1.5
ASH_COATED_OSMIUM_RegimeMM,-1,220900,buy,passive,5.0,10005.643243243243,normal_passive_buy,normal,10002.0,10001.0,-1,221000,1.5,9995.0,9995.0,9995.0,1.5,13.0,0.0,both_sides,9995.0,10011.0,10003.0,trade_touch,False,strict,-7.0,71454.0,71446.0,10.643243243242978,-1.0,0.0,0.0,-1.0,0.0,0.0
ASH_COATED_OSMIUM_RegimeMM,-1,221600,sell,passive,5.0,10004.26511627907,normal_passive_sell,normal,10002.0,10009.0,-1,221700,4.0,10011.0,10011.0,10011.0,4.0,12.0,0.0,both_sides,9995.0,10011.0,10003.0,trade_touch,False,strict,-11.0,111498.0,111490.0,6.734883720930156,-5.0,1.0,1.0,5.0,-1.0,-1.0
ASH_COATED_OSMIUM_RegimeMM,-1,251600,buy,passive,5.0,10005.941666666666,normal_passive_buy,normal,10001.0,10001.0,-1,251700,3.5,9992.0,9992.0,9992.0,3.5,13.0,0.0,both_sides,9992.0,10010.0,10001.0,trade_touch,False,strict,-7.5,76526.0,76518.0,13.941666666665697,-1.0,-1.0,-0.5,-1.0,-1.0,-0.5
ASH_COATED_OSMIUM_RegimeMM,-1,273400,buy,passive,5.0,10001.3,normal_passive_buy,normal,9998.5,9997.0,-1,273500,3.0,9999.0,9999.0,9999.0,3.0,2.0,0.0,bid_only,9999.0,,9995.5,trade_touch,False,strict,-4.5,46529.0,46521.0,2.2999999999992724,0.5,5.0,0.5,0.5,5.0,0.5
ASH_COATED_OSMIUM_RegimeMM,-1,306100,buy,passive,5.0,10001.96129032258,normal_passive_buy,normal,10000.0,9997.0,-1,306200,2.0,9992.0,9992.0,9992.0,2.0,14.0,0.0,both_sides,9992.0,10008.0,10000.0,trade_touch,False,strict,-2.5,26545.0,26537.0,9.96129032258068,1.0,1.0,2.0,1.0,1.0,2.0
ASH_COATED_OSMIUM_RegimeMM,-1,307700,sell,passive,5.0,10002.0,normal_passive_sell,normal,10000.5,10006.0,-1,307800,1.0,10011.0,10011.0,10011.0,1.0,10.0,0.0,both_sides,9992.0,10011.0,10001.5,trade_touch,False,strict,-3.5,36556.0,36548.0,9.0,3.0,1.5,0.5,-3.0,-1.5,-0.5
ASH_COATED_OSMIUM_RegimeMM,-1,310100,buy,passive,5.0,10004.945454545454,normal_passive_buy,normal,10003.0,10000.0,-1,310200,1.0,9996.0,9996.0,9996.0,1.0,12.0,0.0,both_sides,9996.0,10012.0,10004.0,trade_touch,False,strict,-2.5,26560.0,26552.0,8.945454545453686,-5.0,-1.0,-1.5,-5.0,-1.0,-1.5
ASH_COATED_OSMIUM_RegimeMM,-1,310200,sell,passive,5.0,10004.0,normal_passive_sell,normal,10003.0,10008.0,-1,310300,2.5,10002.0,10002.0,10002.0,2.5,5.0,0.0,both_sides,9996.0,10002.0,9999.0,trade_touch,False,strict,-5.0,51565.0,51557.0,-2.0,6.0,6.5,6.0,-6.0,-6.5,-6.0
ASH_COATED_OSMIUM_RegimeMM,-1,311300,buy,passive,5.0,10005.142857142857,normal_passive_buy,normal,10003.0,10001.0,-1,311400,1.5,9996.0,9996.0,9996.0,1.5,11.0,0.0,both_sides,9996.0,10012.0,10004.0,trade_touch,False,strict,-3.5,36571.0,36563.0,9.142857142856883,1.0,0.5,-1.0,1.0,0.5,-1.0
ASH_COATED_OSMIUM_RegimeMM,-1,312800,sell,passive,5.0,10004.872727272726,normal_passive_sell,normal,10004.0,10009.0,-1,312900,1.0,10001.0,10001.0,10001.0,1.0,8.0,0.0,both_sides,9996.0,10001.0,9998.5,trade_touch,False,strict,-4.5,46572.0,46564.0,-3.872727272726479,5.5,5.5,6.5,-5.5,-5.5,-6.5
ASH_COATED_OSMIUM_RegimeMM,-1,315200,buy,passive,5.0,10005.58125,normal_passive_buy,normal,10004.0,10001.0,-1,315300,3.5,9997.0,9997.0,9997.0,3.5,11.0,0.0,both_sides,9997.0,10013.0,10005.0,trade_touch,False,strict,-1.0,11582.5,11574.5,8.581249999999272,0.0,-2.5,-1.0,0.0,-2.5,-1.0
ASH_COATED_OSMIUM_RegimeMM,-1,320600,sell,passive,5.0,10004.4,normal_passive_sell,normal,10004.0,10009.0,-1,320700,3.5,10013.0,10013.0,10013.0,3.5,13.0,0.0,both_sides,9997.0,10013.0,10005.0,trade_touch,False,strict,-4.5,46628.0,46620.0,8.600000000000364,1.0,3.5,1.0,-1.0,-3.5,-1.0
ASH_COATED_OSMIUM_RegimeMM,-1,335600,sell,passive,5.0,10009.225531914894,normal_passive_sell,normal,10008.0,10014.0,-1,335700,1.5,10016.0,10016.0,10016.0,1.5,11.0,0.0,both_sides,9997.0,10016.0,10006.5,trade_touch,False,strict,-6.0,61652.0,61644.0,6.774468085106491,1.5,6.0,1.5,-1.5,-6.0,-1.5
ASH_COATED_OSMIUM_RegimeMM,-1,348600,sell,passive,5.0,10008.65,normal_passive_sell,normal,10006.25,10013.0,-1,348700,1.5,10013.0,10013.0,10013.0,1.5,13.0,0.0,both_sides,9995.0,10013.0,10004.0,trade_touch,False,strict,-7.5,76671.5,76663.5,4.350000000000364,1.0,-1.0,-2.5,-1.0,1.0,2.5
ASH_COATED_OSMIUM_RegimeMM,-1,356200,buy,passive,2.5,10003.0,defensive_passive_buy,defensive,9999.0,9995.0,-1,356300,2.0,9998.0,9998.0,9998.0,2.0,4.0,0.0,both_sides,9998.0,10011.0,10004.5,trade_touch,False,strict,-5.5,56675.5,56667.5,5.0,-4.5,-4.5,-9.0,-4.5,-4.5,-9.0
ASH_COATED_OSMIUM_RegimeMM,-1,357900,buy,passive,5.0,10000.77142857143,normal_passive_buy,normal,9999.0,9996.0,-1,358000,2.0,9997.0,9997.0,9997.0,2.0,4.0,0.0,both_sides,9997.0,10010.0,10003.5,trade_touch,False,strict,-3.5,36681.5,36673.5,3.7714285714300786,-4.5,-3.0,-3.5,-4.5,-3.0,-3.5
ASH_COATED_OSMIUM_RegimeMM,-1,358300,sell,passive,5.0,10001.361267605633,normal_passive_sell,normal,9999.75,10006.0,-1,358400,4.5,10007.0,10007.0,10007.0,4.5,11.0,0.0,both_sides,9989.0,10007.0,9998.0,trade_touch,False,strict,-8.0,81713.0,81705.0,5.638732394367253,2.5,4.0,1.0,-2.5,-4.0,-1.0
ASH_COATED_OSMIUM_RegimeMM,-1,359800,buy,passive,5.0,10003.2,normal_passive_buy,normal,10000.0,9999.0,-1,359900,2.5,9992.0,9992.0,9992.0,2.5,13.0,0.0,both_sides,9992.0,10008.0,10000.0,trade_touch,False,strict,-5.5,56733.0,56725.0,11.200000000000728,0.0,0.0,-1.0,0.0,0.0,-1.0
ASH_COATED_OSMIUM_RegimeMM,-1,374100,buy,passive,5.0,10003.2,normal_passive_buy,normal,10001.0,9999.0,-1,374200,4.0,9993.0,9993.0,9993.0,4.0,12.0,0.0,both_sides,9993.0,10009.0,10001.0,trade_touch,False,strict,-1.5,16761.0,16753.0,10.200000000000728,0.0,1.5,-3.0,0.0,1.5,-3.0
ASH_COATED_OSMIUM_RegimeMM,-1,374300,sell,passive,5.0,10001.6,normal_passive_sell,normal,10001.0,10006.0,-1,374400,2.0,10009.0,10009.0,10009.0,2.0,12.0,0.0,both_sides,9993.0,10009.0,10001.0,trade_touch,False,strict,-3.5,36779.0,36771.0,7.399999999999636,1.0,0.0,0.5,-1.0,-0.0,-0.5
ASH_COATED_OSMIUM_RegimeMM,-1,377000,sell,passive,5.0,10001.888888888889,normal_passive_sell,normal,10001.0,10006.0,-1,377100,1.0,10008.0,10008.0,10008.0,1.0,10.0,0.0,both_sides,10002.0,10008.0,10005.0,trade_touch,False,strict,-4.5,46787.0,46779.0,6.111111111111313,-3.5,1.0,-4.0,3.5,-1.0,4.0
ASH_COATED_OSMIUM_RegimeMM,-1,377200,sell,passive,5.0,10002.994029850746,normal_passive_sell,normal,10001.0,10007.0,-1,377300,0.5,10009.0,10009.0,10009.0,0.5,15.0,0.0,both_sides,9993.0,10009.0,10001.0,trade_touch,False,strict,-5.0,51791.5,51783.5,6.005970149253699,-2.0,0.0,-1.0,2.0,-0.0,1.0
ASH_COATED_OSMIUM_RegimeMM,-1,388000,buy,passive,5.0,10003.766666666666,normal_passive_buy,normal,10002.0,9999.0,-1,388100,2.0,9994.0,9994.0,9994.0,2.0,12.0,0.0,both_sides,9994.0,10012.0,10003.0,trade_touch,False,strict,-3.0,31803.5,31795.5,9.766666666666424,-1.0,0.5,-1.0,-1.0,0.5,-1.0
ASH_COATED_OSMIUM_RegimeMM,-1,393500,buy,passive,5.0,10005.2,normal_passive_buy,normal,10004.0,10001.0,-1,393600,4.5,9997.0,9997.0,9997.0,4.5,11.0,0.0,both_sides,9997.0,10013.0,10005.0,trade_touch,False,strict,1.5,-13183.0,-13191.0,8.200000000000728,-1.5,1.0,1.0,-1.5,1.0,1.0
ASH_COATED_OSMIUM_RegimeMM,-1,407500,sell,passive,5.0,10001.011111111111,normal_passive_sell,normal,10002.0,10006.0,-1,407600,1.5,10009.0,10009.0,10009.0,1.5,13.0,0.0,both_sides,9993.0,10009.0,10001.0,trade_touch,False,strict,0.0,1830.5,1822.5,7.988888888889051,-5.0,0.0,-1.5,5.0,-0.0,1.5
ASH_COATED_OSMIUM_RegimeMM,-1,424200,buy,passive,5.0,10001.0,normal_passive_buy,normal,10001.0,9997.0,-1,424300,0.5,9994.0,9994.0,9994.0,0.5,11.0,0.0,both_sides,9994.0,10010.0,10002.0,trade_touch,False,strict,0.5,-3166.5,-3174.5,7.0,-3.0,-1.0,-1.0,-3.0,-1.0,-1.0
ASH_COATED_OSMIUM_RegimeMM,-1,438500,buy,passive,5.0,10005.55,normal_passive_buy,normal,10005.75,10001.0,-1,438600,0.5,9998.0,9998.0,9998.0,0.5,15.0,0.0,both_sides,9998.0,10014.0,10006.0,trade_touch,False,strict,1.0,-8165.5,-8173.5,7.549999999999272,-1.0,1.0,1.0,-1.0,1.0,1.0
ASH_COATED_OSMIUM_RegimeMM,-1,476600,sell,passive,5.0,9999.6,normal_passive_sell,normal,10000.0,10004.0,-1,476700,1.5,10010.0,10010.0,10010.0,1.5,15.0,0.0,both_sides,9992.0,10010.0,10001.0,trade_touch,False,strict,-0.5,6849.5,6841.5,10.399999999999636,2.0,1.0,-1.0,-2.0,-1.0,1.0
ASH_COATED_OSMIUM_RegimeMM,-1,477500,buy,passive,2.5,10001.096551724138,defensive_passive_buy,defensive,10001.0,9993.0,-1,477600,2.5,9993.0,9993.0,9993.0,2.5,13.0,0.0,both_sides,9993.0,10012.0,10002.5,trade_touch,False,strict,2.0,-18133.0,-18141.0,8.096551724138408,-2.5,-3.5,-2.5,-2.5,-3.5,-2.5
ASH_COATED_OSMIUM_RegimeMM,-1,495700,buy,passive,5.0,10004.2,normal_passive_buy,normal,10005.0,10000.0,-1,495800,1.5,9997.0,9997.0,9997.0,1.5,15.0,0.0,both_sides,9997.0,10013.0,10005.0,trade_touch,False,strict,3.5,-33128.5,-33136.5,7.200000000000728,-1.0,1.0,-2.0,-1.0,1.0,-2.0
ASH_COATED_OSMIUM_RegimeMM,-1,497600,sell,passive,5.0,10003.6,normal_passive_sell,normal,10005.0,10008.0,-1,497700,0.5,10001.0,10001.0,10001.0,0.5,9.0,0.0,both_sides,9996.0,10001.0,9998.5,trade_touch,False,strict,3.0,-28128.0,-28136.0,-2.600000000000364,7.0,5.5,5.5,-7.0,-5.5,-5.5
ASH_COATED_OSMIUM_RegimeMM,-1,506500,sell,passive,5.0,9999.288888888888,normal_passive_sell,normal,10001.0,10004.0,-1,506600,1.0,10009.0,10009.0,10009.0,1.0,10.0,0.0,both_sides,9993.0,10009.0,10001.0,trade_touch,False,strict,2.0,-18119.0,-18127.0,9.711111111111677,-1.5,0.0,4.5,1.5,-0.0,-4.5
ASH_COATED_OSMIUM_RegimeMM,-1,549500,sell,passive,5.0,9995.994520547945,normal_passive_sell,normal,9997.0,10000.0,-1,549600,4.5,10005.0,10005.0,10005.0,4.5,11.0,0.0,both_sides,9987.0,10005.0,9996.0,trade_touch,False,strict,-2.5,26903.5,26895.5,9.005479452054715,1.0,1.0,1.0,-1.0,-1.0,-1.0
ASH_COATED_OSMIUM_RegimeMM,-1,586900,sell,passive,2.5,10001.723880597016,defensive_passive_sell,defensive,10000.5,10010.0,-1,587000,1.0,10008.0,10008.0,10008.0,1.0,10.0,0.0,both_sides,9992.0,10008.0,10000.0,trade_touch,False,strict,-3.5,36911.5,36903.5,6.276119402984477,0.0,-1.5,3.5,-0.0,1.5,-3.5
ASH_COATED_OSMIUM_RegimeMM,-1,588100,sell,passive,5.0,10001.21081081081,normal_passive_sell,normal,10000.0,10006.0,-1,588200,3.5,10002.0,10002.0,10002.0,3.5,1.0,0.0,both_sides,9990.0,10002.0,9996.0,trade_touch,False,strict,-7.0,71918.5,71910.5,0.7891891891904379,4.0,4.5,5.5,-4.0,-4.5,-5.5
ASH_COATED_OSMIUM_RegimeMM,-1,596000,buy,passive,5.0,9999.28275862069,normal_passive_buy,normal,9997.0,9995.0,-1,596100,4.0,9990.0,9990.0,9990.0,4.0,10.0,0.0,both_sides,9990.0,10008.0,9999.0,trade_touch,False,strict,-3.0,31958.5,31950.5,9.282758620689492,-5.0,-1.0,-1.0,-5.0,-1.0,-1.0
ASH_COATED_OSMIUM_RegimeMM,-1,610100,buy,passive,5.0,10001.2,normal_passive_buy,normal,10000.0,9997.0,-1,610200,1.0,9994.0,9994.0,9994.0,1.0,14.0,0.0,both_sides,9994.0,10010.0,10002.0,trade_touch,False,strict,-2.0,21964.5,21956.5,7.200000000000728,0.0,1.0,1.0,0.0,1.0,1.0
ASH_COATED_OSMIUM_RegimeMM,-1,620300,buy,passive,5.0,10003.288372093022,normal_passive_buy,normal,10002.0,9999.0,-1,620400,1.0,9994.0,9994.0,9994.0,1.0,10.0,0.0,both_sides,9994.0,10010.0,10002.0,trade_touch,False,strict,-1.0,11970.5,11962.5,9.28837209302219,0.0,0.0,-1.0,0.0,0.0,-1.0
ASH_COATED_OSMIUM_RegimeMM,-1,644500,sell,passive,5.0,10005.4,normal_passive_sell,normal,10005.0,10010.0,-1,644600,2.0,10013.0,10013.0,10013.0,2.0,12.0,0.0,both_sides,9997.0,10013.0,10005.0,trade_touch,False,strict,-3.0,31996.5,31988.5,7.600000000000364,2.0,-1.0,-1.0,-2.0,1.0,1.0
ASH_COATED_OSMIUM_RegimeMM,-1,656200,sell,passive,5.0,10007.2,normal_passive_sell,normal,10006.0,10012.0,-1,656300,3.5,10004.0,10004.0,10004.0,3.5,7.0,0.0,both_sides,9998.0,10004.0,10001.0,trade_touch,False,strict,-6.5,67010.5,67002.5,-3.2000000000007276,6.0,7.0,7.0,-6.0,-7.0,-7.0
ASH_COATED_OSMIUM_RegimeMM,-1,660300,buy,passive,5.0,10010.076190476191,normal_passive_buy,normal,10008.0,10006.0,-1,660400,1.0,10001.0,10001.0,10001.0,1.0,12.0,0.0,both_sides,10001.0,10017.0,10009.0,trade_touch,False,strict,-5.5,57009.5,57001.5,9.076190476191186,0.0,1.5,0.0,0.0,1.5,0.0
ASH_COATED_OSMIUM_RegimeMM,-1,673300,sell,passive,5.0,10013.0,normal_passive_sell,normal,10011.0,10017.0,-1,673400,2.0,10007.0,10007.0,10007.0,2.0,2.0,0.0,both_sides,10001.0,10007.0,10004.0,trade_touch,False,strict,-7.5,77023.5,77015.5,-6.0,5.0,2.0,6.0,-5.0,-2.0,-6.0
ASH_COATED_OSMIUM_RegimeMM,-1,693300,sell,passive,5.0,10009.0,normal_passive_sell,normal,10006.0,10013.0,-1,693400,2.5,10014.0,10014.0,10014.0,2.5,11.0,0.0,both_sides,9995.0,10014.0,10004.5,trade_touch,False,strict,-10.0,102058.5,102050.5,5.0,0.5,1.0,2.0,-0.5,-1.0,-2.0
ASH_COATED_OSMIUM_RegimeMM,-1,699400,buy,passive,5.0,10008.6,normal_passive_buy,normal,10005.0,10004.0,-1,699500,0.5,9996.0,9996.0,9996.0,0.5,11.0,0.0,both_sides,9996.0,10012.0,10004.0,trade_touch,False,strict,-9.5,97060.5,97052.5,12.600000000000364,-1.0,1.0,1.0,-1.0,1.0,1.0
ASH_COATED_OSMIUM_RegimeMM,-1,704900,sell,passive,5.0,10006.578301886791,normal_passive_sell,normal,10003.25,10011.0,-1,705000,1.0,10005.0,10005.0,10005.0,1.0,2.0,0.0,both_sides,9995.0,10005.0,10000.0,trade_touch,False,strict,-10.5,107065.5,107057.5,-1.5783018867914507,3.0,3.5,5.0,-3.0,-3.5,-5.0
ASH_COATED_OSMIUM_RegimeMM,-1,718100,buy,passive,5.0,10005.730612244899,normal_passive_buy,normal,10002.0,10001.0,-1,718200,1.0,9994.0,9994.0,9994.0,1.0,12.0,0.0,bid_only,9994.0,,10003.0,trade_touch,False,strict,-9.5,97071.5,97063.5,11.73061224489902,-1.0,0.0,1.0,-1.0,0.0,1.0
ASH_COATED_OSMIUM_RegimeMM,-1,727100,buy,passive,5.0,10003.8,normal_passive_buy,normal,10000.0,9999.0,-1,727200,4.0,9991.0,9991.0,9991.0,4.0,10.0,0.0,both_sides,9991.0,10010.0,10000.5,trade_touch,False,strict,-5.5,57107.5,57099.5,12.799999999999272,-1.0,2.0,-0.5,-1.0,2.0,-0.5
ASH_COATED_OSMIUM_RegimeMM,-1,729300,sell,passive,5.0,10002.2,normal_passive_sell,normal,10000.0,10007.0,-1,729400,3.5,10007.0,10007.0,10007.0,3.5,13.0,0.0,both_sides,9989.0,10007.0,9998.0,trade_touch,False,strict,-9.0,92132.0,92124.0,4.799999999999272,1.0,2.0,0.0,-1.0,-2.0,-0.0
ASH_COATED_OSMIUM_RegimeMM,-1,729400,buy,passive,5.0,10003.37966101695,normal_passive_buy,normal,10000.0,9999.0,-1,729500,4.0,9991.0,9991.0,9991.0,4.0,12.0,0.0,both_sides,9991.0,10007.0,9999.0,trade_touch,False,strict,-5.0,52168.0,52160.0,12.379661016950195,0.0,-1.0,-1.0,0.0,-1.0,-1.0
ASH_COATED_OSMIUM_RegimeMM,-1,740100,sell,passive,5.0,9998.75,normal_passive_sell,normal,9996.75,10003.0,-1,740200,1.5,10005.0,10005.0,10005.0,1.5,15.0,0.0,both_sides,9989.0,10005.0,9997.0,trade_touch,False,strict,-6.5,67175.5,67167.5,6.25,2.0,1.0,-1.0,-2.0,-1.0,1.0
ASH_COATED_OSMIUM_RegimeMM,-1,761800,sell,passive,5.0,9995.339795918368,normal_passive_sell,normal,9993.25,10000.0,-1,761900,3.5,10002.0,10002.0,10002.0,3.5,11.0,0.0,both_sides,9984.0,10002.0,9993.0,trade_touch,False,strict,-10.0,102182.5,102174.5,6.660204081632401,0.0,1.0,2.0,-0.0,-1.0,-2.0
ASH_COATED_OSMIUM_RegimeMM,-1,762700,buy,passive,5.0,9998.434782608696,normal_passive_buy,normal,9994.0,9994.0,-1,762800,4.0,9997.0,9997.0,9997.0,4.0,8.0,0.0,both_sides,9997.0,10006.0,10001.5,trade_touch,False,strict,-6.0,62194.5,62186.5,1.4347826086959685,-6.5,-4.5,-2.5,-6.5,-4.5,-2.5
ASH_COATED_OSMIUM_RegimeMM,-1,765700,buy,passive,5.0,9999.4,normal_passive_buy,normal,9997.0,9995.0,-1,765800,2.0,9994.0,9994.0,9994.0,2.0,4.0,0.0,both_sides,9994.0,10005.0,9999.5,trade_touch,False,strict,-4.0,42206.5,42198.5,5.399999999999636,-1.5,-3.5,1.5,-1.5,-3.5,1.5
ASH_COATED_OSMIUM_RegimeMM,-1,774200,buy,passive,5.0,10003.6,normal_passive_buy,normal,10002.0,9999.0,-1,774300,1.5,9995.0,9995.0,9995.0,1.5,15.0,0.0,bid_only,9995.0,,10002.0,trade_touch,False,strict,-2.5,27214.0,27206.0,8.600000000000364,1.0,2.0,5.0,1.0,2.0,5.0
ASH_COATED_OSMIUM_RegimeMM,-1,778500,sell,passive,5.0,10003.423076923076,normal_passive_sell,normal,10002.0,10008.0,-1,778600,1.0,10009.0,10009.0,10009.0,1.0,12.0,0.0,both_sides,9993.0,10009.0,10001.0,trade_touch,False,strict,-3.5,37223.0,37215.0,5.5769230769237765,0.0,-1.0,1.0,-0.0,1.0,-1.0
ASH_COATED_OSMIUM_RegimeMM,-1,805400,buy,passive,5.0,9994.965217391304,normal_passive_buy,normal,9994.0,9990.0,-1,805500,0.5,9986.0,9986.0,9986.0,0.5,15.0,0.0,both_sides,9986.0,10002.0,9994.0,trade_touch,False,strict,-3.0,32230.0,32222.0,8.965217391303668,0.0,1.5,1.0,0.0,1.5,1.0
ASH_COATED_OSMIUM_RegimeMM,-1,830500,sell,passive,5.0,9992.2,normal_passive_sell,normal,9991.0,9997.0,-1,830600,0.5,9998.0,9998.0,9998.0,0.5,13.0,0.0,both_sides,9982.0,9998.0,9990.0,trade_touch,False,strict,-3.5,37229.0,37221.0,5.799999999999272,1.0,4.5,1.0,-1.0,-4.5,-1.0
ASH_COATED_OSMIUM_RegimeMM,-1,833900,buy,passive,5.0,9993.592307692308,normal_passive_buy,normal,9992.0,9989.0,-1,834000,1.5,9992.0,9992.0,9992.0,1.5,3.0,0.0,both_sides,9992.0,10003.0,9997.5,trade_touch,False,strict,-2.0,22241.0,22233.0,1.592307692308168,-1.5,-5.0,-3.5,-1.5,-5.0,-3.5
ASH_COATED_OSMIUM_RegimeMM,-1,871300,buy,passive,5.0,10002.8,normal_passive_buy,normal,10002.0,9998.0,-1,871400,3.0,9995.0,9995.0,9995.0,3.0,12.0,0.0,both_sides,9995.0,10014.0,10004.5,trade_touch,False,strict,1.0,-7744.0,-7752.0,7.799999999999272,-1.5,-2.5,-2.5,-1.5,-2.5,-2.5
ASH_COATED_OSMIUM_RegimeMM,-1,874800,buy,passive,2.5,10000.5375,defensive_passive_buy,defensive,10001.0,9992.0,-1,874900,1.5,9992.0,9992.0,9992.0,1.5,11.0,0.0,both_sides,9992.0,10008.0,10000.0,trade_touch,False,strict,2.5,-22732.0,-22740.0,8.537500000000364,0.0,0.0,0.0,0.0,0.0,0.0
ASH_COATED_OSMIUM_RegimeMM,-1,875700,buy,passive,5.0,9999.18309859155,normal_passive_buy,normal,10000.0,9995.0,-1,875800,0.5,9992.0,9992.0,9992.0,0.5,11.0,0.0,both_sides,9992.0,10008.0,10000.0,trade_touch,False,strict,3.0,-27728.0,-27736.0,7.183098591549424,0.0,1.0,2.5,0.0,1.0,2.5
ASH_COATED_OSMIUM_RegimeMM,-1,875800,buy,passive,5.0,9998.8,normal_passive_buy,normal,10000.0,9994.0,-1,875900,1.0,9992.0,9992.0,9992.0,1.0,10.0,0.0,both_sides,9992.0,10008.0,10000.0,trade_touch,False,strict,4.0,-37720.0,-37728.0,6.799999999999272,1.5,1.5,2.0,1.5,1.5,2.0
ASH_COATED_OSMIUM_RegimeMM,-1,884700,sell,passive,5.0,10000.4,normal_passive_sell,normal,10002.0,10005.0,-1,884800,2.0,10010.0,10010.0,10010.0,2.0,12.0,0.0,both_sides,9994.0,10010.0,10002.0,trade_touch,False,strict,2.0,-17700.0,-17708.0,9.600000000000364,0.0,0.0,1.0,-0.0,-0.0,-1.0
ASH_COATED_OSMIUM_RegimeMM,-1,891200,sell,passive,5.0,10000.0,normal_passive_sell,normal,10001.0,10004.0,-1,891300,1.5,10003.0,10003.0,10003.0,1.5,3.0,0.0,both_sides,9993.0,10003.0,9998.0,trade_touch,False,strict,0.5,-2695.5,-2703.5,3.0,4.0,5.0,4.0,-4.0,-5.0,-4.0
ASH_COATED_OSMIUM_RegimeMM,-1,897900,sell,passive,5.0,10000.8,normal_passive_sell,normal,10001.0,10005.0,-1,898000,3.5,10009.0,10009.0,10009.0,3.5,13.0,0.0,both_sides,9993.0,10009.0,10001.0,trade_touch,False,strict,-3.0,32336.0,32328.0,8.200000000000728,0.0,0.0,3.5,-0.0,-0.0,-3.5
ASH_COATED_OSMIUM_RegimeMM,-1,911200,buy,passive,5.0,10000.2,normal_passive_buy,normal,9999.0,9996.0,-1,911300,0.5,9990.0,9990.0,9990.0,0.5,11.0,0.0,both_sides,9990.0,10006.0,9998.0,trade_touch,False,strict,-2.5,27341.0,27333.0,10.200000000000728,-2.0,-2.5,-4.0,-2.0,-2.5,-4.0
ASH_COATED_OSMIUM_RegimeMM,-1,940800,buy,passive,5.0,9999.0,normal_passive_buy,normal,9998.0,9995.0,-1,940900,5.0,9991.0,9991.0,9991.0,5.0,13.0,0.0,both_sides,9991.0,10007.0,9999.0,trade_touch,False,strict,2.5,-22614.0,-22622.0,8.0,1.0,-1.0,0.5,1.0,-1.0,0.5
ASH_COATED_OSMIUM_RegimeMM,-1,954700,buy,passive,5.0,10001.666666666666,normal_passive_buy,normal,10003.0,9997.0,-1,954800,0.5,9994.0,9994.0,9994.0,0.5,13.0,0.0,both_sides,9994.0,10010.0,10002.0,trade_touch,False,strict,3.0,-27611.0,-27619.0,7.66666666666606,0.0,1.0,1.0,0.0,1.0,1.0
ASH_COATED_OSMIUM_RegimeMM,-1,955100,sell,passive,5.0,10001.8,normal_passive_sell,normal,10003.0,10006.0,-1,955200,0.5,10010.0,10010.0,10010.0,0.5,11.0,0.0,both_sides,9994.0,10010.0,10002.0,trade_touch,False,strict,2.5,-22606.0,-22614.0,8.200000000000728,1.0,0.0,0.0,-1.0,-0.0,-0.0
ASH_COATED_OSMIUM_RegimeMM,-1,968600,buy,passive,5.0,10002.0,normal_passive_buy,normal,10003.0,9998.0,-1,968700,0.5,9994.0,9994.0,9994.0,0.5,11.0,0.0,both_sides,9994.0,10010.0,10002.0,trade_touch,False,strict,3.0,-27603.0,-27611.0,8.0,1.0,2.0,3.5,1.0,2.0,3.5
ASH_COATED_OSMIUM_RegimeMM,-1,983800,sell,passive,5.0,10003.599999999999,normal_passive_sell,normal,10005.0,10008.0,-1,983900,2.0,10012.0,10012.0,10012.0,2.0,10.0,0.0,both_sides,9996.0,10012.0,10004.0,trade_touch,False,strict,1.0,-7579.0,-7587.0,8.400000000001455,0.0,1.0,1.0,-0.0,-1.0,-1.0
ASH_COATED_OSMIUM_RegimeMM,-1,988000,sell,passive,2.5,10002.6,defensive_passive_sell,defensive,10004.0,10011.0,-1,988100,0.5,10011.0,10011.0,10011.0,0.5,15.0,0.0,both_sides,9995.0,10011.0,10003.0,trade_touch,False,strict,0.5,-2573.5,-2581.5,8.399999999999636,-1.5,-1.5,-1.0,1.5,1.5,1.0
ASH_COATED_OSMIUM_RegimeMM,-1,994000,buy,passive,5.0,10000.8,normal_passive_buy,normal,10001.0,9996.0,-1,994100,2.5,9993.0,9993.0,9993.0,2.5,15.0,0.0,both_sides,9993.0,10009.0,10001.0,trade_touch,False,strict,3.0,-27556.0,-27564.0,7.799999999999272,0.0,-1.0,0.0,0.0,-1.0,0.0
ASH_COATED_OSMIUM_RegimeMM,-1,999900,sell,taker,3.0,10002.0,force_flat,force_flat,10002.0,,-1,999900,3.0,9994.0,9993.0,9993.0,3.0,10.0,0.0,both_sides,9994.0,10010.0,10002.0,sweep_visible_book,True,,0.0,2426.0,2415.0,-9.0,,,,,,
ASH_COATED_OSMIUM_RegimeMM,0,9200,buy,passive,5.0,10000.186440677966,normal_passive_buy,normal,10000.0,9996.0,0,9300,2.0,9992.0,9992.0,9992.0,2.0,10.0,0.0,both_sides,9992.0,10008.0,10000.0,trade_touch,False,strict,2.0,-17558.0,-17569.0,8.186440677965948,0.0,2.0,2.0,0.0,2.0,2.0
ASH_COATED_OSMIUM_RegimeMM,0,12500,sell,passive,5.0,10001.34705882353,normal_passive_sell,normal,10002.0,10006.0,0,12600,4.0,10011.0,10011.0,10011.0,4.0,10.0,0.0,both_sides,9992.0,10011.0,10001.5,trade_touch,False,strict,-2.0,22486.0,22475.0,9.65294117646954,1.0,1.5,1.5,-1.0,-1.5,-1.5
ASH_COATED_OSMIUM_RegimeMM,0,21100,sell,passive,5.0,10001.8,normal_passive_sell,normal,10001.0,10006.0,0,21200,4.0,10008.0,10008.0,10008.0,4.0,12.0,0.0,ask_only,,10008.0,10000.0,trade_touch,False,strict,-6.0,62518.0,62507.0,6.200000000000728,1.0,1.0,2.0,-1.0,-1.0,-2.0
ASH_COATED_OSMIUM_RegimeMM,0,22600,buy,passive,5.0,10003.574603174602,normal_passive_buy,normal,10001.0,9999.0,0,22700,4.0,9994.0,9994.0,9994.0,4.0,10.0,0.0,bid_only,9994.0,,10003.5,trade_touch,False,strict,-2.0,22542.0,22531.0,9.574603174602089,-1.0,-2.5,-3.5,-1.0,-2.5,-3.5
ASH_COATED_OSMIUM_RegimeMM,0,31400,buy,passive,5.0,10002.335714285713,normal_passive_buy,normal,10001.0,9998.0,0,31500,2.5,9993.0,9993.0,9993.0,2.5,15.0,0.0,both_sides,9993.0,10009.0,10001.0,trade_touch,False,strict,0.5,-2440.5,-2451.5,9.335714285713038,0.0,0.0,0.0,0.0,0.0,0.0
ASH_COATED_OSMIUM_RegimeMM,0,35000,buy,passive,5.0,10000.8,normal_passive_buy,normal,10001.0,9996.0,0,35100,1.0,9993.0,9993.0,9993.0,1.0,12.0,0.0,both_sides,9993.0,10009.0,10001.0,trade_touch,False,strict,1.5,-12433.5,-12444.5,7.799999999999272,0.0,0.0,0.0,0.0,0.0,0.0
ASH_COATED_OSMIUM_RegimeMM,0,37200,sell,passive,5.0,10000.4,normal_passive_sell,normal,10001.0,10005.0,0,37300,0.5,10008.0,10008.0,10008.0,0.5,13.0,0.0,both_sides,9992.0,10008.0,10000.0,trade_touch,False,strict,1.0,-7429.5,-7440.5,7.600000000000364,0.0,1.0,2.0,-0.0,-1.0,-2.0
ASH_COATED_OSMIUM_RegimeMM,0,40400,sell,passive,5.0,10000.38431372549,normal_passive_sell,normal,10001.0,10005.0,0,40500,1.5,10009.0,10009.0,10009.0,1.5,13.0,0.0,both_sides,9993.0,10009.0,10001.0,trade_touch,False,strict,-0.5,7584.0,7573.0,8.615686274510153,0.0,0.0,-3.5,-0.0,-0.0,3.5
ASH_COATED_OSMIUM_RegimeMM,0,41800,buy,passive,5.0,10001.682758620691,normal_passive_buy,normal,10001.0,9997.0,0,41900,1.0,9993.0,9993.0,9993.0,1.0,10.0,0.0,both_sides,9993.0,10009.0,10001.0,trade_touch,False,strict,0.5,-2409.0,-2420.0,8.682758620690947,0.0,-0.5,1.5,0.0,-0.5,1.5
ASH_COATED_OSMIUM_RegimeMM,0,60700,sell,passive,5.0,9994.8,normal_passive_sell,normal,9995.0,9999.0,0,60800,0.5,10003.0,10003.0,10003.0,0.5,15.0,0.0,both_sides,9987.0,10003.0,9995.0,trade_touch,False,strict,0.0,2592.5,2581.5,8.200000000000728,0.0,3.0,2.0,-0.0,-3.0,-2.0
ASH_COATED_OSMIUM_RegimeMM,0,62100,sell,passive,5.0,9995.0,normal_passive_sell,normal,9995.0,9999.0,0,62200,0.5,9999.0,9999.0,9999.0,0.5,5.0,0.0,both_sides,9989.0,9999.0,9994.0,trade_touch,False,strict,-0.5,7592.0,7581.0,4.0,3.0,1.5,1.0,-3.0,-1.5,-1.0
ASH_COATED_OSMIUM_RegimeMM,0,62700,sell,passive,5.0,9996.515789473686,normal_passive_sell,normal,9996.0,10001.0,0,62800,3.0,10005.0,10005.0,10005.0,3.0,12.0,0.0,both_sides,9989.0,10005.0,9997.0,trade_touch,False,strict,-3.5,37607.0,37596.0,8.4842105263142,1.0,-4.0,0.0,-1.0,4.0,-0.0
ASH_COATED_OSMIUM_RegimeMM,0,71200,buy,passive,5.0,9997.988235294117,normal_passive_buy,normal,9997.0,9993.0,0,71300,4.0,9989.0,9989.0,9989.0,4.0,12.0,0.0,both_sides,9989.0,10005.0,9997.0,trade_touch,False,strict,0.5,-2349.0,-2360.0,8.988235294116748,0.0,3.0,2.0,0.0,3.0,2.0
ASH_COATED_OSMIUM_RegimeMM,0,86700,buy,passive,5.0,9996.8,normal_passive_buy,normal,9997.0,9992.0,0,86800,3.0,9991.0,9991.0,9991.0,3.0,14.0,0.0,both_sides,9991.0,9996.0,9993.5,trade_touch,False,strict,3.5,-32322.0,-32333.0,5.799999999999272,4.5,4.5,5.5,4.5,4.5,5.5
ASH_COATED_OSMIUM_RegimeMM,0,106800,sell,passive,5.0,10000.044444444446,normal_passive_sell,normal,10002.0,10005.0,0,106900,0.5,10010.0,10010.0,10010.0,0.5,13.0,0.0,ask_only,,10010.0,10002.0,trade_touch,False,strict,3.0,-27317.0,-27328.0,9.955555555554383,0.0,1.0,1.0,-0.0,-1.0,-1.0
ASH_COATED_OSMIUM_RegimeMM,0,116500,buy,passive,5.0,10001.326315789473,normal_passive_buy,normal,10003.0,9997.0,0,116600,2.0,9996.0,9996.0,9996.0,2.0,12.0,0.0,both_sides,9996.0,10012.0,10004.0,trade_touch,False,strict,5.0,-47309.0,-47320.0,5.326315789472574,0.5,0.5,0.0,0.5,0.5,0.0
ASH_COATED_OSMIUM_RegimeMM,0,120700,buy,passive,5.0,10001.0,normal_passive_buy,normal,10003.0,9997.0,0,120800,2.5,10002.0,10002.0,10002.0,2.5,5.0,0.0,both_sides,10002.0,10012.0,10007.0,trade_touch,False,strict,7.5,-72314.0,-72325.0,-1.0,-3.0,-4.0,-3.0,-3.0,-4.0,-3.0
ASH_COATED_OSMIUM_RegimeMM,0,128800,buy,passive,5.0,9998.591836734693,normal_passive_buy,normal,10001.0,9994.0,0,128900,1.5,9999.0,9999.0,9999.0,1.5,3.0,0.0,both_sides,9999.0,10010.0,10004.5,trade_touch,False,strict,9.0,-87312.5,-87323.5,-0.40816326530693914,-8.0,-2.0,-4.5,-8.0,-2.0,-4.5
ASH_COATED_OSMIUM_RegimeMM,0,137300,buy,passive,5.0,9996.44411764706,normal_passive_buy,normal,10000.25,9992.0,0,137400,2.0,9993.0,9993.0,9993.0,2.0,10.0,0.0,both_sides,9993.0,10009.0,10001.0,trade_touch,False,strict,11.0,-107298.5,-107309.5,3.4441176470591017,0.0,0.0,0.0,0.0,0.0,0.0
ASH_COATED_OSMIUM_RegimeMM,0,191100,sell,passive,5.0,10000.6,normal_passive_sell,normal,10005.0,10005.0,0,191200,4.0,10013.0,10013.0,10013.0,4.0,12.0,0.0,both_sides,9997.0,10013.0,10005.0,trade_touch,False,strict,7.0,-67246.5,-67257.5,12.399999999999636,3.0,1.0,-3.5,-3.0,-1.0,3.5
ASH_COATED_OSMIUM_RegimeMM,0,204800,sell,passive,5.0,10000.2,normal_passive_sell,normal,10003.0,10005.0,0,204900,3.5,10010.0,10010.0,10010.0,3.5,11.0,0.0,both_sides,9994.0,10010.0,10002.0,trade_touch,False,strict,3.5,-32211.5,-32222.5,9.799999999999272,0.0,-1.5,-1.0,-0.0,1.5,1.0
ASH_COATED_OSMIUM_RegimeMM,0,205700,sell,passive,5.0,10001.1,normal_passive_sell,normal,10002.5,10006.0,0,205800,3.5,9999.0,9999.0,9999.0,3.5,3.0,0.0,both_sides,9991.0,9999.0,9995.0,trade_touch,False,strict,0.0,2785.0,2774.0,-2.100000000000364,6.0,7.0,7.0,-6.0,-7.0,-7.0
ASH_COATED_OSMIUM_RegimeMM,0,209700,buy,passive,5.0,9999.49090909091,normal_passive_buy,normal,9999.0,9995.0,0,209800,4.0,9989.0,9989.0,9989.0,4.0,10.0,0.0,both_sides,9989.0,10008.0,9998.5,trade_touch,False,strict,4.0,-37171.0,-37182.0,10.490909090909554,0.0,-0.5,-1.0,0.0,-0.5,-1.0
ASH_COATED_OSMIUM_RegimeMM,0,210900,buy,passive,5.0,9996.4,normal_passive_buy,normal,9998.0,9992.0,0,211000,2.5,9990.0,9990.0,9990.0,2.5,11.0,0.0,both_sides,9990.0,10006.0,9998.0,trade_touch,False,strict,6.5,-62146.0,-62157.0,6.399999999999636,0.0,0.0,0.0,0.0,0.0,0.0
ASH_COATED_OSMIUM_RegimeMM,0,221200,sell,passive,5.0,9998.4,normal_passive_sell,normal,10001.0,10003.0,0,221300,3.5,10009.0,10009.0,10009.0,3.5,13.0,0.0,ask_only,,10009.0,10001.0,trade_touch,False,strict,3.0,-27114.5,-27125.5,10.600000000000364,0.0,0.0,0.0,-0.0,-0.0,-0.0
ASH_COATED_OSMIUM_RegimeMM,0,249300,buy,passive,5.0,9992.376923076923,normal_passive_buy,normal,9993.0,9988.0,0,249400,0.5,9985.0,9985.0,9985.0,0.5,11.0,0.0,both_sides,9985.0,10001.0,9993.0,trade_touch,False,strict,3.5,-32107.0,-32118.0,7.376923076923049,0.0,1.0,0.5,0.0,1.0,0.5
ASH_COATED_OSMIUM_RegimeMM,0,257800,sell,passive,5.0,9994.168627450981,normal_passive_sell,normal,9995.0,9999.0,0,257900,1.5,10003.0,10003.0,10003.0,1.5,11.0,0.0,ask_only,,10003.0,9995.0,trade_touch,False,strict,2.0,-17102.5,-17113.5,8.831372549018852,-1.5,3.5,1.0,1.5,-3.5,-1.0
ASH_COATED_OSMIUM_RegimeMM,0,262300,sell,passive,5.0,9997.719230769231,normal_passive_sell,normal,9998.75,10002.0,0,262400,3.5,10007.0,10007.0,10007.0,3.5,13.0,0.0,both_sides,9991.0,10007.0,9999.0,trade_touch,False,strict,-1.5,17922.0,17911.0,9.280769230768783,0.0,-1.0,0.0,-0.0,1.0,-0.0
ASH_COATED_OSMIUM_RegimeMM,0,268300,buy,passive,5.0,10000.688235294117,normal_passive_buy,normal,10000.5,9996.0,0,268400,1.5,9993.0,9993.0,9993.0,1.5,11.0,0.0,bid_only,9993.0,,10000.0,trade_touch,False,strict,0.0,2932.5,2921.5,7.688235294117476,2.0,2.0,1.0,2.0,2.0,1.0
ASH_COATED_OSMIUM_RegimeMM,0,285600,buy,passive,5.0,10004.48,normal_passive_buy,normal,10004.0,10000.0,0,285700,3.0,9997.0,9997.0,9997.0,3.0,14.0,0.0,both_sides,9997.0,10013.0,10005.0,trade_touch,False,strict,3.0,-27058.5,-27069.5,7.479999999999563,0.0,0.0,0.5,0.0,0.0,0.5
ASH_COATED_OSMIUM_RegimeMM,0,295300,sell,passive,5.0,10000.25,normal_passive_sell,normal,10001.25,10005.0,0,295400,2.5,10008.0,10008.0,10008.0,2.5,15.0,0.0,both_sides,9992.0,10008.0,10000.0,trade_touch,False,strict,0.5,-2038.5,-2049.5,7.75,-2.5,2.0,2.0,2.5,-2.0,-2.0
ASH_COATED_OSMIUM_RegimeMM,0,303100,sell,passive,5.0,10001.615217391303,normal_passive_sell,normal,10002.25,10006.0,0,303200,1.0,10010.0,10010.0,10010.0,1.0,14.0,0.0,both_sides,9994.0,10010.0,10002.0,trade_touch,False,strict,-0.5,7971.5,7960.5,8.384782608696696,-1.0,0.0,-1.0,1.0,-0.0,1.0
ASH_COATED_OSMIUM_RegimeMM,0,304900,sell,passive,5.0,10001.670588235294,normal_passive_sell,normal,10002.0,10006.0,0,305000,3.0,9999.0,9999.0,9999.0,3.0,4.0,0.0,both_sides,9991.0,9999.0,9995.0,trade_touch,False,strict,-3.5,37968.5,37957.5,-2.6705882352944172,9.5,8.0,7.0,-9.5,-8.0,-7.0
ASH_COATED_OSMIUM_RegimeMM,0,311400,buy,passive,5.0,10001.811764705883,normal_passive_buy,normal,10000.0,9997.0,0,311500,3.5,9993.0,9993.0,9993.0,3.5,13.0,0.0,both_sides,9993.0,10009.0,10001.0,trade_touch,False,strict,0.0,2993.0,2982.0,8.811764705882524,0.0,0.0,2.5,0.0,0.0,2.5
ASH_COATED_OSMIUM_RegimeMM,0,321700,buy,passive,5.0,10003.444444444445,normal_passive_buy,normal,10004.0,9999.0,0,321800,4.0,9995.0,9995.0,9995.0,4.0,12.0,0.0,both_sides,9995.0,10011.0,10003.0,trade_touch,False,strict,4.0,-36987.0,-36998.0,8.444444444445253,1.5,0.0,1.0,1.5,0.0,1.0
ASH_COATED_OSMIUM_RegimeMM,0,335700,buy,passive,5.0,10000.951020408163,normal_passive_buy,normal,10002.0,9996.0,0,335800,4.5,9994.0,9994.0,9994.0,4.5,11.0,0.0,both_sides,9994.0,10010.0,10002.0,trade_touch,False,strict,8.5,-81960.0,-81971.0,6.951020408163458,3.0,2.0,2.0,3.0,2.0,2.0
ASH_COATED_OSMIUM_RegimeMM,0,337000,sell,passive,5.0,9999.78918918919,normal_passive_sell,normal,10003.0,10004.0,0,337100,0.5,10012.0,10012.0,10012.0,0.5,15.0,0.0,both_sides,9996.0,10012.0,10004.0,trade_touch,False,strict,8.0,-76954.0,-76965.0,12.210810810809562,-1.0,-2.5,-2.5,1.0,2.5,2.5
ASH_COATED_OSMIUM_RegimeMM,0,368800,sell,passive,5.0,9998.744444444445,normal_passive_sell,normal,10001.5,10003.0,0,368900,1.0,9999.0,9999.0,9999.0,1.0,8.0,0.0,both_sides,9993.0,9999.0,9996.0,trade_touch,False,strict,7.0,-66955.0,-66966.0,0.2555555555554747,11.0,6.0,7.5,-11.0,-6.0,-7.5
ASH_COATED_OSMIUM_RegimeMM,0,379700,buy,passive,5.0,10000.412121212123,normal_passive_buy,normal,10003.0,9996.0,0,379800,0.5,9995.0,9995.0,9995.0,0.5,15.0,0.0,both_sides,9995.0,10011.0,10003.0,trade_touch,False,strict,7.5,-71952.5,-71963.5,5.412121212122656,-2.0,-1.0,0.0,-2.0,-1.0,0.0
ASH_COATED_OSMIUM_RegimeMM,0,380300,buy,passive,5.0,10000.490196078432,normal_passive_buy,normal,10003.0,9996.0,0,380400,1.0,9994.0,9994.0,9994.0,1.0,10.0,0.0,both_sides,9994.0,10010.0,10002.0,trade_touch,False,strict,8.5,-81946.5,-81957.5,6.490196078431836,0.0,1.0,1.0,0.0,1.0,1.0
ASH_COATED_OSMIUM_RegimeMM,0,383200,sell,passive,5.0,9998.386885245902,normal_passive_sell,normal,10002.0,10003.0,0,383300,1.5,10009.0,10009.0,10009.0,1.5,13.0,0.0,both_sides,9993.0,10009.0,10001.0,trade_touch,False,strict,7.0,-66933.0,-66944.0,10.613114754098206,0.0,0.0,-1.0,-0.0,-0.0,1.0
ASH_COATED_OSMIUM_RegimeMM,0,384700,buy,passive,5.0,9998.709433962265,normal_passive_buy,normal,10001.0,9994.0,0,384800,2.0,9993.0,9993.0,9993.0,2.0,10.0,0.0,both_sides,9993.0,10009.0,10001.0,trade_touch,False,strict,9.0,-86919.0,-86930.0,5.709433962265393,-1.0,-1.5,0.0,-1.0,-1.5,0.0
ASH_COATED_OSMIUM_RegimeMM,0,398500,sell,passive,5.0,9998.889361702128,normal_passive_sell,normal,10002.0,10003.0,0,398600,2.5,10012.0,10012.0,10012.0,2.5,13.0,0.0,both_sides,9996.0,10012.0,10004.0,trade_touch,False,strict,6.5,-61889.0,-61900.0,13.110638297872356,0.0,-2.0,-2.0,-0.0,2.0,2.0
ASH_COATED_OSMIUM_RegimeMM,0,412400,buy,passive,5.0,9999.951020408163,normal_passive_buy,normal,10002.0,9995.0,0,412500,2.0,9992.0,9992.0,9992.0,2.0,10.0,0.0,both_sides,9992.0,10008.0,10000.0,trade_touch,False,strict,8.5,-81873.0,-81884.0,7.951020408163458,1.5,2.0,1.0,1.5,2.0,1.0
ASH_COATED_OSMIUM_RegimeMM,0,423900,sell,passive,5.0,9997.138461538461,normal_passive_sell,normal,10001.0,10002.0,0,424000,2.5,10007.0,10007.0,10007.0,2.5,11.0,0.0,both_sides,9991.0,10007.0,9999.0,trade_touch,False,strict,6.0,-56855.5,-56866.5,9.861538461538657,-1.0,-1.0,0.0,1.0,1.0,-0.0
ASH_COATED_OSMIUM_RegimeMM,0,425500,sell,passive,5.0,9996.6,normal_passive_sell,normal,9999.0,10001.0,0,425600,2.0,10006.0,10006.0,10006.0,2.0,12.0,0.0,both_sides,9990.0,10006.0,9998.0,trade_touch,False,strict,4.0,-36843.5,-36854.5,9.399999999999636,0.0,1.0,1.5,-0.0,-1.0,-1.5
ASH_COATED_OSMIUM_RegimeMM,0,432500,buy,passive,5.0,9996.955555555554,normal_passive_buy,normal,9998.0,9992.0,0,432600,0.5,9991.0,9991.0,9991.0,0.5,11.0,0.0,both_sides,9991.0,10007.0,9999.0,trade_touch,False,strict,4.5,-41839.0,-41850.0,5.955555555554383,0.0,-1.0,-1.0,0.0,-1.0,-1.0
ASH_COATED_OSMIUM_RegimeMM,0,441500,sell,passive,5.0,9998.2,normal_passive_sell,normal,10000.0,10003.0,0,441600,2.0,10003.0,10003.0,10003.0,2.0,4.0,0.0,both_sides,9993.0,10003.0,9998.0,trade_touch,False,strict,2.5,-21833.0,-21844.0,4.799999999999272,3.0,6.0,4.0,-3.0,-6.0,-4.0
ASH_COATED_OSMIUM_RegimeMM,0,454300,buy,passive,5.0,10004.0,normal_passive_buy,normal,10005.0,10000.0,0,454400,1.0,9999.0,9999.0,9999.0,1.0,14.0,0.0,both_sides,9999.0,10015.0,10007.0,trade_touch,False,strict,3.5,-31832.0,-31843.0,5.0,0.0,2.0,0.0,0.0,2.0,0.0
ASH_COATED_OSMIUM_RegimeMM,0,470700,sell,passive,5.0,10004.6,normal_passive_sell,normal,10006.0,10009.0,0,470800,2.5,10014.0,10014.0,10014.0,2.5,13.0,0.0,both_sides,9998.0,10014.0,10006.0,trade_touch,False,strict,1.0,-6797.0,-6808.0,9.399999999999636,0.0,-1.5,0.0,-0.0,1.5,-0.0
ASH_COATED_OSMIUM_RegimeMM,0,475100,buy,passive,5.0,10003.089795918368,normal_passive_buy,normal,10004.0,9999.0,0,475200,1.0,9995.0,9995.0,9995.0,1.0,10.0,0.0,both_sides,9995.0,10013.0,10004.0,trade_touch,False,strict,2.0,-16792.0,-16803.0,8.0897959183676,-4.5,-3.5,-3.0,-4.5,-3.5,-3.0
ASH_COATED_OSMIUM_RegimeMM,0,489000,buy,passive,5.0,9998.45,normal_passive_buy,normal,9999.25,9994.0,0,489100,0.5,9994.0,9994.0,9994.0,0.5,11.0,0.0,both_sides,9994.0,10012.0,10003.0,trade_touch,False,strict,2.5,-21789.0,-21800.0,4.450000000000728,-2.0,-2.0,-2.0,-2.0,-2.0,-2.0
ASH_COATED_OSMIUM_RegimeMM,0,506700,buy,passive,5.0,9999.742857142857,normal_passive_buy,normal,10001.0,9995.0,0,506800,1.0,10000.0,10000.0,10000.0,1.0,2.0,0.0,both_sides,10000.0,10013.0,10006.5,trade_touch,False,strict,3.5,-31789.0,-31800.0,-0.2571428571427532,-4.5,-3.0,-4.0,-4.5,-3.0,-4.0
ASH_COATED_OSMIUM_RegimeMM,0,517600,sell,passive,5.0,10003.023076923077,normal_passive_sell,normal,10005.0,10008.0,0,517700,1.5,10003.0,10003.0,10003.0,1.5,3.0,0.0,both_sides,9995.0,10003.0,9999.0,trade_touch,False,strict,2.0,-16784.5,-16795.5,-0.023076923076587263,7.0,7.0,7.0,-7.0,-7.0,-7.0
ASH_COATED_OSMIUM_RegimeMM,0,523500,buy,passive,5.0,10005.057142857144,normal_passive_buy,normal,10006.0,10001.0,0,523600,3.5,9997.0,9997.0,9997.0,3.5,11.0,0.0,bid_only,9997.0,,10004.0,trade_touch,False,strict,5.5,-51774.0,-51785.0,8.057142857143845,1.0,1.0,-0.5,1.0,1.0,-0.5
ASH_COATED_OSMIUM_RegimeMM,0,540900,sell,passive,5.0,10009.8,normal_passive_sell,normal,10012.0,10014.0,0,541000,0.5,10021.0,10021.0,10021.0,0.5,11.0,0.0,both_sides,10004.0,10021.0,10012.5,trade_touch,False,strict,5.0,-46763.5,-46774.5,11.200000000000728,0.5,0.5,-1.0,-0.5,-0.5,1.0
ASH_COATED_OSMIUM_RegimeMM,0,544000,buy,passive,5.0,10012.0,normal_passive_buy,normal,10014.0,10008.0,0,544100,2.0,10007.0,10007.0,10007.0,2.0,10.0,0.0,both_sides,10007.0,10025.0,10016.0,trade_touch,False,strict,7.0,-66777.5,-66788.5,5.0,-1.0,-2.0,-2.0,-1.0,-2.0,-2.0
ASH_COATED_OSMIUM_RegimeMM,0,568400,sell,passive,5.0,10007.42807017544,normal_passive_sell,normal,10010.0,10012.0,0,568500,2.5,10012.0,10012.0,10012.0,2.5,5.0,0.0,both_sides,10002.0,10012.0,10007.0,trade_touch,False,strict,4.5,-41747.5,-41758.5,4.571929824560357,3.0,2.5,2.0,-3.0,-2.5,-2.0
ASH_COATED_OSMIUM_RegimeMM,0,574500,buy,passive,5.0,10006.90634920635,normal_passive_buy,normal,10008.5,10002.0,0,574600,2.5,10001.0,10001.0,10001.0,2.5,13.0,0.0,both_sides,10001.0,10017.0,10009.0,trade_touch,False,strict,7.0,-66750.0,-66761.0,5.906349206350569,1.5,1.0,-2.0,1.5,1.0,-2.0
ASH_COATED_OSMIUM_RegimeMM,0,578900,buy,passive,5.0,10005.212195121952,normal_passive_buy,normal,10007.5,10001.0,0,579000,2.0,10000.0,10000.0,10000.0,2.0,14.0,0.0,both_sides,10000.0,10016.0,10008.0,trade_touch,False,strict,9.0,-86750.0,-86761.0,5.212195121952391,0.0,1.0,1.0,0.0,1.0,1.0
ASH_COATED_OSMIUM_RegimeMM,0,591400,sell,passive,5.0,10000.4,normal_passive_sell,normal,10004.0,10005.0,0,591500,3.0,10013.0,10013.0,10013.0,3.0,14.0,0.0,both_sides,9994.0,10013.0,10003.5,trade_touch,False,strict,6.0,-56711.0,-56722.0,12.600000000000364,3.0,1.5,1.5,-3.0,-1.5,-1.5
ASH_COATED_OSMIUM_RegimeMM,0,608200,sell,passive,2.5,10001.9,defensive_passive_sell,defensive,10004.0,10010.0,0,608300,2.5,10011.0,10011.0,10011.0,2.5,10.0,0.0,both_sides,9995.0,10011.0,10003.0,trade_touch,False,strict,3.5,-31683.5,-31694.5,9.100000000000364,0.0,-2.0,-2.0,-0.0,2.0,2.0
ASH_COATED_OSMIUM_RegimeMM,0,618700,sell,passive,2.5,9998.640000000001,defensive_passive_sell,defensive,10000.0,10007.0,0,618800,2.5,10009.0,10009.0,10009.0,2.5,13.0,0.0,both_sides,9993.0,10009.0,10001.0,trade_touch,False,strict,1.0,-6661.0,-6672.0,10.359999999998763,0.0,1.0,1.0,-0.0,-1.0,-1.0
ASH_COATED_OSMIUM_RegimeMM,0,631100,sell,passive,5.0,10000.070588235294,normal_passive_sell,normal,10001.0,10005.0,0,631200,3.5,10010.0,10010.0,10010.0,3.5,11.0,0.0,both_sides,9994.0,10010.0,10002.0,trade_touch,False,strict,-2.5,28374.0,28363.0,9.929411764705947,1.5,0.0,0.0,-1.5,-0.0,-0.0
ASH_COATED_OSMIUM_RegimeMM,0,635000,sell,passive,5.0,10003.75,normal_passive_sell,normal,10002.75,10008.0,0,635100,1.0,10010.0,10010.0,10010.0,1.0,10.0,0.0,both_sides,9994.0,10010.0,10002.0,trade_touch,False,strict,-3.5,38384.0,38373.0,6.25,0.0,1.0,0.0,-0.0,-1.0,-0.0
ASH_COATED_OSMIUM_RegimeMM,0,639400,buy,passive,5.0,10005.4,normal_passive_buy,normal,10004.0,10001.0,0,639500,2.0,9995.0,9995.0,9995.0,2.0,10.0,0.0,both_sides,9995.0,10011.0,10003.0,trade_touch,False,strict,-1.5,18394.0,18383.0,10.399999999999636,-4.5,1.0,1.0,-4.5,1.0,1.0
ASH_COATED_OSMIUM_RegimeMM,0,649100,buy,passive,5.0,10003.6,normal_passive_buy,normal,10003.0,9999.0,0,649200,1.5,9999.0,9999.0,9999.0,1.5,3.0,0.0,both_sides,9999.0,10010.0,10004.5,trade_touch,False,strict,0.0,3395.5,3384.5,4.600000000000364,-3.5,0.0,-2.5,-3.5,0.0,-2.5
ASH_COATED_OSMIUM_RegimeMM,0,665600,sell,passive,2.5,9992.238095238095,defensive_passive_sell,defensive,9992.0,10001.0,0,665700,1.0,10000.0,10000.0,10000.0,1.0,14.0,0.0,both_sides,9984.0,10000.0,9992.0,trade_touch,False,strict,-1.0,13395.5,13384.5,7.761904761904589,-1.0,-2.0,0.5,1.0,2.0,-0.5
ASH_COATED_OSMIUM_RegimeMM,0,670700,buy,passive,5.0,9993.844444444445,normal_passive_buy,normal,9994.0,9989.0,0,670800,2.0,9987.0,9987.0,9987.0,2.0,14.0,0.0,both_sides,9987.0,10003.0,9995.0,trade_touch,False,strict,1.0,-6578.5,-6589.5,6.844444444444889,0.5,1.0,2.0,0.5,1.0,2.0
ASH_COATED_OSMIUM_RegimeMM,0,674700,sell,passive,5.0,9996.413559322034,normal_passive_sell,normal,9997.0,10001.0,0,674800,1.0,10005.0,10005.0,10005.0,1.0,12.0,0.0,ask_only,,10005.0,9995.5,trade_touch,False,strict,0.0,3426.5,3415.5,8.586440677965584,0.0,1.5,-0.5,-0.0,-1.5,0.5
ASH_COATED_OSMIUM_RegimeMM,0,680200,buy,passive,5.0,9994.0,normal_passive_buy,normal,9994.0,9990.0,0,680300,0.5,9987.0,9987.0,9987.0,0.5,11.0,0.0,both_sides,9987.0,10003.0,9995.0,trade_touch,False,strict,0.5,-1567.0,-1578.0,7.0,0.0,0.0,-1.0,0.0,0.0,-1.0
ASH_COATED_OSMIUM_RegimeMM,0,682800,sell,passive,5.0,9993.8,normal_passive_sell,normal,9994.0,9998.0,0,682900,0.5,10003.0,10003.0,10003.0,0.5,13.0,0.0,both_sides,9987.0,10003.0,9995.0,trade_touch,False,strict,0.0,3434.5,3423.5,9.200000000000728,0.0,4.5,0.0,-0.0,-4.5,-0.0
ASH_COATED_OSMIUM_RegimeMM,0,684000,buy,passive,5.0,9994.5,normal_passive_buy,normal,9994.5,9990.0,0,684100,2.5,9987.0,9987.0,9987.0,2.5,11.0,0.0,both_sides,9987.0,10005.0,9996.0,trade_touch,False,strict,2.5,-21533.0,-21544.0,7.5,-1.0,-2.0,-1.5,-1.0,-2.0,-1.5
ASH_COATED_OSMIUM_RegimeMM,0,694600,sell,passive,5.0,9990.0,normal_passive_sell,normal,9991.0,9994.0,0,694700,3.0,10001.0,10001.0,10001.0,3.0,10.0,0.0,both_sides,9982.0,10001.0,9991.5,trade_touch,False,strict,-0.5,8470.0,8459.0,11.0,0.5,0.5,0.5,-0.5,-0.5,-0.5
ASH_COATED_OSMIUM_RegimeMM,0,728000,sell,passive,5.0,9989.518181818183,normal_passive_sell,normal,9989.5,9994.0,0,728100,4.5,9999.0,9999.0,9999.0,4.5,11.0,0.0,both_sides,9983.0,9999.0,9991.0,trade_touch,False,strict,-5.0,53465.5,53454.5,9.481818181817289,0.0,0.0,0.0,-0.0,-0.0,-0.0
ASH_COATED_OSMIUM_RegimeMM,0,728300,sell,passive,5.0,9992.0,normal_passive_sell,normal,9990.0,9996.0,0,728400,2.5,10000.0,10000.0,10000.0,2.5,13.0,0.0,both_sides,9984.0,10000.0,9992.0,trade_touch,False,strict,-7.5,78465.5,78454.5,8.0,0.0,-1.0,0.0,-0.0,1.0,-0.0
ASH_COATED_OSMIUM_RegimeMM,0,729200,sell,passive,5.0,9994.5,normal_passive_sell,normal,9991.0,9999.0,0,729300,1.0,10000.0,10000.0,10000.0,1.0,14.0,0.0,both_sides,9984.0,10000.0,9992.0,trade_touch,False,strict,-8.5,88465.5,88454.5,5.5,0.0,1.0,-1.0,-0.0,-1.0,1.0
ASH_COATED_OSMIUM_RegimeMM,0,731100,buy,passive,5.0,9994.4,normal_passive_buy,normal,9991.0,9990.0,0,731200,1.5,9983.0,9983.0,9983.0,1.5,11.0,0.0,both_sides,9983.0,9999.0,9991.0,trade_touch,False,strict,-7.0,73491.0,73480.0,11.399999999999636,1.0,1.0,1.5,1.0,1.0,1.5
ASH_COATED_OSMIUM_RegimeMM,0,753400,buy,passive,5.0,9999.466666666665,normal_passive_buy,normal,9997.0,9995.0,0,753500,0.5,9988.0,9988.0,9988.0,0.5,13.0,0.0,both_sides,9988.0,10004.0,9996.0,trade_touch,False,strict,-6.5,68497.0,68486.0,11.466666666665333,-1.0,1.0,1.0,-1.0,1.0,1.0
ASH_COATED_OSMIUM_RegimeMM,0,756100,buy,passive,5.0,9999.6,normal_passive_buy,normal,9997.0,9995.0,0,756200,2.5,9989.0,9989.0,9989.0,2.5,13.0,0.0,both_sides,9989.0,10005.0,9997.0,trade_touch,False,strict,-4.0,43524.5,43513.5,10.600000000000364,0.0,1.0,1.0,0.0,1.0,1.0
ASH_COATED_OSMIUM_RegimeMM,0,762500,buy,passive,5.0,9999.130612244899,normal_passive_buy,normal,9998.0,9995.0,0,762600,1.0,9990.0,9990.0,9990.0,1.0,12.0,0.0,both_sides,9990.0,10006.0,9998.0,trade_touch,False,strict,-3.0,33534.5,33523.5,9.130612244898657,1.5,4.0,-2.0,1.5,4.0,-2.0
ASH_COATED_OSMIUM_RegimeMM,0,767400,sell,passive,5.0,9999.033333333335,normal_passive_sell,normal,9997.25,10004.0,0,767500,1.0,9995.0,9995.0,9995.0,1.0,4.0,0.0,both_sides,9990.0,9995.0,9992.5,trade_touch,False,strict,-4.0,43529.5,43518.5,-4.033333333334667,5.5,5.5,4.5,-5.5,-5.5,-4.5
ASH_COATED_OSMIUM_RegimeMM,0,769400,buy,passive,5.0,10000.050980392158,normal_passive_buy,normal,9998.0,9996.0,0,769500,1.5,9990.0,9990.0,9990.0,1.5,11.0,0.0,both_sides,9990.0,10006.0,9998.0,trade_touch,False,strict,-2.5,28544.5,28533.5,10.050980392157726,-4.0,0.0,1.0,-4.0,0.0,1.0
ASH_COATED_OSMIUM_RegimeMM,0,780700,sell,passive,5.0,9998.194444444445,normal_passive_sell,normal,9996.75,10003.0,0,780800,1.0,10006.0,10006.0,10006.0,1.0,10.0,0.0,both_sides,9990.0,10006.0,9998.0,trade_touch,False,strict,-3.5,38550.5,38539.5,7.805555555554747,-1.5,0.0,0.5,1.5,-0.0,-0.5
ASH_COATED_OSMIUM_RegimeMM,0,797100,sell,passive,5.0,9998.4,normal_passive_sell,normal,9997.0,10003.0,0,797200,5.0,10004.0,10004.0,10004.0,5.0,10.0,0.0,both_sides,9986.0,10004.0,9995.0,trade_touch,False,strict,-8.5,88570.5,88559.5,5.600000000000364,1.0,0.0,1.0,-1.0,-0.0,-1.0
ASH_COATED_OSMIUM_RegimeMM,0,803200,sell,passive,5.0,10000.140196078431,normal_passive_sell,normal,9996.25,10005.0,0,803300,4.0,10006.0,10006.0,10006.0,4.0,12.0,0.0,both_sides,9990.0,10006.0,9998.0,trade_touch,False,strict,-12.5,128594.5,128583.5,5.859803921568528,0.0,0.0,0.0,-0.0,-0.0,-0.0
ASH_COATED_OSMIUM_RegimeMM,0,821000,buy,passive,2.5,10009.046511627907,defensive_passive_buy,defensive,10004.0,10001.0,0,821100,2.5,9995.0,9995.0,9995.0,2.5,13.0,0.0,both_sides,9995.0,10011.0,10003.0,trade_touch,False,strict,-10.0,103607.0,103596.0,14.046511627906511,-1.0,-3.5,0.0,-1.0,-3.5,0.0
ASH_COATED_OSMIUM_RegimeMM,0,830700,buy,passive,5.0,10007.28205128205,normal_passive_buy,normal,10003.0,10003.0,0,830800,3.0,9995.0,9995.0,9995.0,3.0,12.0,0.0,both_sides,9995.0,10011.0,10003.0,trade_touch,False,strict,-7.0,73622.0,73611.0,12.282051282050816,0.5,1.0,-4.0,0.5,1.0,-4.0
ASH_COATED_OSMIUM_RegimeMM,0,852700,buy,passive,5.0,10008.8,normal_passive_buy,normal,10006.0,10004.0,0,852800,2.0,10007.0,10007.0,10007.0,2.0,6.0,0.0,both_sides,10007.0,10013.0,10010.0,trade_touch,False,strict,-5.0,53608.0,53597.0,1.7999999999992724,-5.0,-6.0,-3.5,-5.0,-6.0,-3.5
ASH_COATED_OSMIUM_RegimeMM,0,903000,sell,passive,5.0,10003.5,normal_passive_sell,normal,10001.0,10008.0,0,903100,3.5,10011.0,10011.0,10011.0,3.5,13.0,0.0,ask_only,,10011.0,10003.0,trade_touch,False,strict,-8.5,88646.5,88635.5,7.5,-7.0,0.0,0.0,7.0,-0.0,-0.0
ASH_COATED_OSMIUM_RegimeMM,0,908500,buy,passive,5.0,10009.554929577464,normal_passive_buy,normal,10006.0,10005.0,0,908600,2.0,10006.0,10006.0,10006.0,2.0,4.0,0.0,both_sides,10006.0,10016.0,10011.0,trade_touch,False,strict,-6.5,68634.5,68623.5,3.554929577463554,-2.5,-4.0,-3.0,-2.5,-4.0,-3.0
ASH_COATED_OSMIUM_RegimeMM,0,923400,sell,passive,5.0,10011.418181818182,normal_passive_sell,normal,10009.0,10016.0,0,923500,2.5,10017.0,10017.0,10017.0,2.5,11.0,0.0,both_sides,9998.0,10017.0,10007.5,trade_touch,False,strict,-9.0,93677.0,93666.0,5.581818181817653,2.5,1.5,0.5,-2.5,-1.5,-0.5
ASH_COATED_OSMIUM_RegimeMM,0,942700,sell,passive,5.0,10008.12380952381,normal_passive_sell,normal,10005.0,10013.0,0,942800,0.5,10013.0,10013.0,10013.0,0.5,11.0,0.0,both_sides,9997.0,10013.0,10005.0,trade_touch,False,strict,-9.5,98683.5,98672.5,4.876190476190459,-1.0,2.0,1.0,1.0,-2.0,-1.0
ASH_COATED_OSMIUM_RegimeMM,0,944400,sell,passive,5.0,10009.3,normal_passive_sell,normal,10005.5,10014.0,0,944500,4.5,10015.0,10015.0,10015.0,4.5,11.0,0.0,both_sides,9999.0,10015.0,10007.0,trade_touch,False,strict,-14.0,143751.0,143740.0,5.700000000000728,-0.5,-1.0,0.0,0.5,1.0,-0.0
ASH_COATED_OSMIUM_RegimeMM,0,999900,buy,taker,14.0,10007.0,force_flat,force_flat,10007.0,,0,999900,14.0,10016.42857142857,10017.42857142857,10017.42857142857,14.0,33.0,0.428571428570649,both_sides,9998.0,10016.0,10007.0,sweep_visible_book,True,,0.0,3521.0,3496.0,-10.428571428570649,,,,,,
